"Bcells","CAFs","CD4_Tcells","CD8_Tcells","Endothelial","Macrophages","NKcells","otherCells","patient_id","convergeCode","convergeMessage","RMSE_weighted","Root_mean_squared_geneExpr_weighted","spearmanR","spearmanP","pearsonR","pearsonP","regline_a_x","regline_b","regline_a_x_through0","sum_mRNAProportions"
0.00765640975874179,0.251631875972395,0.00476825859019841,3.29336074765675e-06,0.0375279768361992,0.0132695364379673,0.00041501634948049,0.68472763269427,"TCGA-D3-A3MU",0,"",271.882226944791,712.849428994181,0.693285819482432,0,0.886854687513238,1.28288975515378e-33,0.87484841038187,48.6090420324801,0.89527688405396,0.337684143742018
0.0118404226001174,0.023333497832928,0.017565683222557,1.70869493363257e-06,0.0101119306771053,0.0236561282272936,4.71133342780939e-07,0.913490157611722,"TCGA-ER-A2ND",0,"",70.3152590669373,114.526363047343,0.521187415771152,4.41773260949153e-08,0.746444926220251,1.70309878457484e-18,0.560865841617983,13.4097529362142,0.603521864320158,0.138327443950389
0.00247018275952285,0.00853320035531402,0.0281317198636859,0.0139169143507235,0.0137890074753812,0.00756227552049815,3.91725661399387e-10,0.925596699283149,"TCGA-ER-A3ES",0,"",85.0126276223125,91.1403998468902,0.377165605662808,0.000140015411334091,0.273459415815861,0.00672400886511174,0.0843567516113219,10.2311949494942,0.114010923925582,0.09146694826261
0.0155608469452963,0.116655520919978,0.0514605902241648,0.0112245200694366,0.0678376423719701,0.148436844175749,0.0016502883514584,0.587173746941947,"TCGA-ER-A2NH",0,"",337.4208665569,522.8346220728,0.687118661897749,0,0.723646782507609,5.61414160499861e-17,0.494420495928714,67.6624365462725,0.530941027108281,0.573844416827985
0.000425706319859504,0.00171752918221392,0.0261094016031154,0.0156928093047774,0.0396188787427232,0.00344852644562194,6.19628174794729e-09,0.912987142205407,"TCGA-GN-A262",0,"",73.7644275718212,75.6252421690123,0.229483621502815,0.0237519658733068,0.0633282580014705,0.537733186607975,0.0141924448226764,7.10476087995242,0.0524860637310057,0.0945196258643338
0.00583982635563059,0.0279744018717596,0.0266079445276007,0.00505492851859231,0.0233971094006803,0.0120585264980591,7.92696898163531e-10,0.89906726203498,"TCGA-D3-A2JG",0,"",97.3563761746448,127.342261332256,0.56229802985928,2.05365368327978e-09,0.538192357652889,1.30477103325929e-08,0.313909041456883,15.7399029989155,0.356334021041991,0.127441576757203
0.000365803247969582,0.184430949534521,0.0327795854422789,4.01302302212158e-07,0.0370517725118357,0.0238788161195786,9.97556644369475e-08,0.72149257208585,"TCGA-FS-A1ZS",0,"",224.817492266679,525.57600633409,0.795151730331624,2.35373655951692e-22,0.871596579710267,3.61147237567256e-31,0.849696618103667,34.1846798542683,0.873033008796065,0.319651641532494
0.00955181124383474,0.0405972364747223,0.0332328387805737,0.0150304727503221,0.0400458215049589,0.0118475046554258,0.000138395888723493,0.849555918701439,"TCGA-D9-A148",0,"",63.5908051748319,129.800173914212,0.588194298337892,0,0.834834820086267,2.29294481307824e-26,0.760705283074288,8.56546758448346,0.794167208326308,0.1749257168361
0.000256832771906997,0.0347654179256867,0.0296094630295362,0.0142548376205568,0.0751191384494673,0.0130430163743891,6.75296682992213e-09,0.83295128707549,"TCGA-FS-A1ZY",0,"",106.721213342165,146.805076773335,0.558739931048935,2.72333301214985e-09,0.56770858352675,1.32843736238553e-09,0.374855080426026,18.7550436417342,0.428690863694108,0.193440395837948
0.00868000819746137,0.0211485882507824,0.0497484235400165,0.0288569925835051,0.0434210406409662,0.0084895397671354,1.98808489567359e-09,0.839655405032048,"TCGA-FS-A1YW",0,"",91.7121857642505,111.488591142441,0.546917736166632,1.17030646302299e-08,0.571470718335621,9.76716377386633e-10,0.390456039572244,11.2960994044061,0.460242578215548,0.177398193306603
0.0281282737855023,0.0838055321585708,0.0132812168835221,6.54457901643562e-08,0.0509469970004526,0.01741524665105,5.67966817048063e-07,0.806422100108295,"TCGA-DA-A1I0",0,"",124.313019032822,255.966536439376,0.553862540314836,3.98838213344976e-09,0.814618264600375,3.34364661716891e-24,0.75786263265143,24.6057698377576,0.793915516879138,0.227819959434315
0.00596727963130811,0.00956715754716493,0.0336633842576842,0.00151071357642005,0.0415688925902086,0.0200126137615294,2.15233794997139e-09,0.887709956483347,"TCGA-EE-A2MM",0,"",44.5583365866872,77.9457373624837,0.524300441826215,5.80039125988654e-08,0.763103104176807,1.03742847269917e-19,0.620578768323515,8.38554254105532,0.66757340078047,0.155055983070491
0.00175224484238873,0.132515252772126,0.0356759593494645,0.00554316430152529,0.036729544742902,0.0165971699363094,1.20003925049305e-08,0.771186652054891,"TCGA-EB-A24C",0,"",200.028979189377,400.791778444442,0.651491541600388,4.97060737057448e-13,0.808415705054652,1.36685128022548e-23,0.723616905192074,26.8276678935712,0.747931276563265,0.259768757639159
0.00926548438632924,0.0287187505729044,0.0423700807199318,0.00386105024666218,0.0511554678436854,0.0571955885089023,0.000123043931656617,0.807310533789928,"TCGA-FS-A1Z0",0,"",136.485902323992,215.419246092643,0.570608597890595,1.04839775517614e-09,0.7395740293801,5.07413541413519e-18,0.51724448406814,25.4608607377008,0.553947994909958,0.295101384028738
0.00951831842592187,0.00511380716894656,0.00767967988888187,4.68424333908241e-08,0.0337875734143189,0.0183348003322628,6.38368612908752e-05,0.925501937065944,"TCGA-FW-A3TU",0,"",44.5327799324131,71.2939230390831,0.538528297917105,2.1694174473545e-08,0.748248687004679,1.27129762795936e-18,0.554785036806127,8.15281706740247,0.593663393287499,0.115780200767087
0.04412688111151,0.203962083590789,0.0489764292263946,2.38793987755168e-08,0.095015896807903,0.104219475933875,0.000668492899938376,0.503030716550191,"TCGA-FS-A1ZH",0,"",238.452788310882,557.163243873127,0.736021986114033,0,0.848803219813666,4.86391963847634e-28,0.764741564254832,42.6255857367179,0.798625474464653,0.602444814670713
0.0164021328352636,0.0181330332718375,0.027776927551883,0.0101152678491066,0.025918521877494,0.0254019701362128,2.20814784750082e-07,0.876251925663418,"TCGA-BF-AAP8",0,"",88.6758393952697,124.085808159759,0.448953292657269,5.07840192222767e-06,0.67038978780187,5.87706835903914e-14,0.461684300066688,13.8172200512811,0.509223178367669,0.176733928161165
0.00221356066319711,0.0390961617742281,0.0366512817350069,0.00135075319226668,0.0375567072965518,0.0442715267755117,2.93642392126243e-09,0.838860005626814,"TCGA-D3-A5GS",0,"",112.200871552856,190.661894961119,0.663620345045234,0,0.759796390161449,1.84081796631513e-19,0.57121814693953,20.0941178318519,0.611045419663777,0.245901395337345
0.00158074010256045,0.0450047153934821,0.00435657574186472,4.78629177546127e-07,0.0688508546033101,0.0262931457810712,0.000299907490280635,0.853613582258253,"TCGA-ER-A194",0,"",119.479088686672,182.216747381899,0.717333701921586,1.39059507805995e-16,0.679250451549698,2.04501553735938e-14,0.514738563029452,21.9953948939857,0.563908174625237,0.199990987800172
0.0139975397570772,0.0108106590078965,0.0775977151398219,0.0100887199153894,0.0276126311206549,0.0560449604099248,3.99056357030589e-09,0.803847770658672,"TCGA-EE-A2ML",0,"",161.060639207336,221.236314207138,0.599287947378407,8.86537770564825e-11,0.684094541418493,1.13041628854005e-14,0.457140465102948,19.815229855242,0.487474914750402,0.296020430626932
0.106561191226616,0.0452902035042096,0.062094747481199,5.65588108918539e-06,0.0521265117297336,0.0445489555262208,7.84309252436225e-08,0.689372656220007,"TCGA-D3-A3CF",0,"",103.159981888496,200.415855130511,0.666394908478855,0,0.796825412804468,1.66287394466526e-22,0.644906389929323,20.2487917011884,0.69486503083805,0.380749051800932
0.0854520807731464,0.0116667145219152,2.47682337066715e-07,5.16262009797255e-07,0.0247806037247704,0.0427585878723507,0.000264424596760928,0.83507682456671,"TCGA-DA-A95V",0,"",116.585182275949,171.808209184485,0.555136229749632,6.13648534893002e-09,0.714685036815725,2.01978053649388e-16,0.483938265945976,22.371619745885,0.521550669002504,0.247244255821197
0.0133912851482463,0.31285697284416,2.78668282051671e-05,3.11145967989541e-07,0.123779252274465,0.0158076529696753,0.000683961036792794,0.533452697752487,"TCGA-EB-A57M",0,"",360.128210188428,890.609674834753,0.733641910372396,0,0.87998701363184,1.78591562503109e-32,0.865576267001676,57.0749617989889,0.88653164731187,0.487269138787535
0.000282614341804715,0.0560386902989596,0.0357916009735622,0.0215103161210889,0.036896416698035,0.00477253167848678,8.28449548768694e-10,0.844707829059613,"TCGA-EE-A20H",0,"",66.3608278579865,165.097864213147,0.584446665264044,1.2196817175531e-10,0.878431950666966,3.1704467473343e-32,0.834514003290654,8.28665519351556,0.855117792248295,0.164878274987727
0.000665471104199805,0.0291069341442137,0.039600944462467,0.0192071486026945,0.0270598384636451,0.019863692565872,0.000381968828250831,0.864114001828657,"TCGA-GN-A4U5",0,"",62.1759528443489,113.74163820044,0.645013675573322,0,0.781191094462938,3.78616866712988e-21,0.626439628057053,10.157968165991,0.668463426713526,0.177008678778314
0.000714354068362335,0.0788117389857563,0.0173252071395269,0.00533096608109419,0.0351629173932024,0.00986458809112775,1.56888914342137e-08,0.852790212552039,"TCGA-W3-AA1O",0,"",81.9751444838285,225.631686847942,0.701543761834631,0,0.896724141695368,2.12977755948589e-35,0.867798152885836,11.849457533047,0.888032714446358,0.167908739806124
0.011671938601837,0.00426389350101268,0.028421542316256,0.00521314179471768,0.0363143316831906,0.0197053920712631,3.61131787438727e-10,0.894409759670591,"TCGA-Z2-AA3S",0,"",53.5828550657247,79.9751874870996,0.595071533768146,0,0.724286996730029,5.11362582168052e-17,0.514873308578681,8.87911983021009,0.555313912946966,0.148077421940272
0.00397304142681692,0.0542796449043069,0.0295533277580331,0.00731217008688699,0.017041709227623,0.0105042153992488,1.6801173241087e-08,0.877335874395911,"TCGA-WE-A8JZ",0,"",90.6497211779565,172.251548693884,0.683412724246027,1.22963260219402e-14,0.779669156932735,5.06261037203235e-21,0.661596960443733,12.65554091749,0.690381675506605,0.145187372313277
0.0216891433566767,0.140755742409032,0.0226419748272691,2.62533065339846e-08,0.0414561880558792,0.0695011237633797,3.28812308491267e-06,0.703952513211372,"TCGA-ER-A3ET",0,"",135.057719207379,394.147315849243,0.759977382473954,1.78436136373728e-19,0.907048690208806,1.83090939230041e-37,0.873081255827001,22.8931318765101,0.899590848097311,0.401896161522073
0.00162492685223121,0.0901516116715617,0.0327084482097119,0.007226843389266,0.0336115022049003,0.010687824587422,2.22015804289823e-09,0.823988840864749,"TCGA-ER-A19C",0,"",93.119113928156,257.106650317444,0.686855670103093,0,0.907830567210046,1.24881895023152e-37,0.896994073024977,11.8791412845192,0.915511483507292,0.197494661445581
0.00311792931904389,0.0147956135870324,0.0379150115822351,0.0180385990368911,0.0201283961022061,0.018462603727192,0.000137961299381238,0.887403885346018,"TCGA-EB-A6R0",0,"",60.1418137688369,89.7553158252502,0.641568483063328,0,0.700601016205434,1.37227662246262e-15,0.474719548447109,11.8726557669958,0.522680756292159,0.151958684559158
0.100485009230936,0.0668837360597006,0.0629628031969046,1.47068654779295e-10,0.0363009400178653,0.0238796120617706,0.000412098409132189,0.709075800876621,"TCGA-D3-A5GR",0,"",69.4262128152237,202.752993631839,0.655349253103303,0,0.90678369984649,2.08281379908651e-37,0.86178699083689,7.1775071833677,0.88198226252607,0.331411457687432
0.10096529443256,0.0617015958972857,0.0303118643011133,3.65780080716319e-08,0.0563231062321613,0.0696923764294157,0.00132954770276836,0.679676178426688,"TCGA-D3-A3MR",0,"",154.555235507988,279.89166410013,0.615558594571849,0,0.778665694796329,6.12376770980842e-21,0.616324614995889,31.9409515516266,0.664004724349745,0.422935969018915
0.000344777691983198,0.0647680071037236,0.0151179987994064,0.0019740526401009,0.0733046318593803,0.0105208077999628,7.45588396224487e-09,0.833969716649559,"TCGA-ER-A42H",0,"",80.2753686862899,192.100372212607,0.688749211024616,0,0.903680877290715,9.16193609870588e-37,0.874538433563474,6.66069292280717,0.891126411130692,0.187650015008761
0.151779499620099,0.0395703510092265,0.0741316668629451,1.38036074837767e-05,0.0609451314853077,0.179582612590388,9.10726725059046e-07,0.493976024097825,"TCGA-D3-A3CB",1,"",389.283085607956,547.07009246812,0.586866189774879,1.28558557765292e-11,0.686632427785306,8.24830818338191e-15,0.431878441045861,64.4731739829555,0.460804399970871,0.661073762328907
0.696568693866979,0.0663562403134954,0.106614044769858,2.16619743833052e-08,0.0929687924692438,0.0374920725172138,2.84150628000946e-08,1.05986172168827e-07,"TCGA-ER-A1A1",0,"",231.360665086146,439.128920570433,0.68026772564696,0,0.816444355835866,2.18682637147192e-24,0.655400678999784,34.1975589542069,0.699217240879644,0.999999903391975
0.036715323768838,0.0116645804700901,0.0183388482419675,0.00866935061332975,0.0283514859330677,0.0315264051957591,0.000104746257142349,0.864629259519806,"TCGA-D3-A2JL",0,"",72.8077999705541,119.862411777874,0.536910898379971,2.4346227497246e-08,0.755025635623236,4.14337031427237e-19,0.569312659004593,12.8320701772477,0.61008338536847,0.199561090100024
0.015690868031566,0.0440257540740981,0.0245746543429335,1.80189608782879e-07,0.0386812132837257,0.0453751425275132,0.00104281140823272,0.830609376142322,"TCGA-EE-A29X",0,"",127.413155941076,207.431365301448,0.632916053019146,0,0.737513494490812,6.99290889286182e-18,0.565837257686509,22.2331026194731,0.609558884236829,0.25541434810729
0.000223998085606083,0.400599596761402,0.0183565206250679,2.99266463816083e-07,0.0549840184262776,0.0657403536619229,0.000461299126584752,0.459633914046675,"TCGA-D3-A2JA",0,"",342.229921179399,1003.20545208498,0.782334841152956,0,0.90269012843268,1.45485910490082e-36,0.878181100233113,66.188282972382,0.900963614896927,0.606275032907543
0.0354716924786461,0.050726048829362,0.0702343385352313,0.039829935801965,0.0276777148905698,0.0894045365058354,0.00585721105527192,0.680798521903119,"TCGA-D3-A51J",0,"",252.808053999099,354.854306199406,0.582697769829581,2.17532398040077e-10,0.616877241567467,1.71964114103477e-11,0.393452365183621,42.9415459767544,0.434541285687726,0.44528450612852
0.10615596525932,0.0685108560389967,0.106916484372056,1.27150850550231e-08,0.0687128536143197,0.0322349528336263,1.46727438466394e-06,0.617467407892211,"TCGA-GN-A9SD",0,"",96.4025610712376,223.918845459857,0.671904586576899,0,0.847755678499075,6.58032644705323e-28,0.749123506682922,18.0556401695886,0.792908572839401,0.428962860145324
0.125735053118065,0.083880290900984,0.158587385367212,2.10673231747221e-07,0.438863659266734,0.0283304763011405,9.81724335830716e-10,0.164602923390908,"TCGA-FS-A4F8",0,"",148.576201488004,299.9738278456,0.551533242162844,8.19434835496749e-09,0.791962253975742,4.52356437040422e-22,0.683735218273895,32.937537663474,0.751601431521739,0.846282471663819
0.0339147061225197,0.0579112454006404,0.0152494838191762,1.29899091662504e-07,0.0581397112784354,0.0951831496295513,1.88196273398491e-05,0.739582754223245,"TCGA-RP-A693",0,"",202.955168257024,333.710010103117,0.550507574163686,8.88082449834636e-09,0.747246413129397,1.49604231282718e-18,0.543619876055519,42.0380690916545,0.581271108761901,0.404798957152179
8.23759530609158e-08,0.770990006131206,1.41545802530591e-07,4.15052302270014e-07,0.0257966093903375,0.199193912544882,0.00401877984464197,5.31148750877788e-08,"TCGA-ER-A19A",0,"",502.940966709283,1530.91852954295,0.679163160109404,0,0.907379617314828,1.55781894769087e-37,0.857217984446791,88.7372690641409,0.879132059477899,0.999999964781277
0.00768436559083905,0.0859325411740503,0.00940729988817405,9.16284099174003e-07,0.0603410816884789,0.0584985106687204,0.00726914093234668,0.770866143773291,"TCGA-BF-AAP7",0,"",147.336466971228,294.783495269296,0.693971879513663,3.25541186027112e-15,0.812812689645812,5.06486363623589e-24,0.678798564164105,31.6850047229103,0.720651157445193,0.329535970383895
0.190662689541092,0.125942799108742,0.0407037404721082,6.96357788661261e-09,0.0185775794072209,0.0783221671022614,0.000626290586950654,0.545164726818047,"TCGA-GF-A6C9",0,"",207.285293835836,411.416281533853,0.695679044813802,0,0.803883884991014,3.70349950836945e-23,0.669298294145766,43.8872213718348,0.715442957626858,0.545688266699555
0.0391353573519977,0.0461872250221825,0.0390872383868207,0.00497049552336848,0.0315510401512519,0.0225256689990493,0.000315893858114943,0.816227080707215,"TCGA-D3-A8GM",0,"",66.6139793129932,152.009094472786,0.610154113191668,0,0.845434799236885,1.27520927728454e-27,0.747376411452017,14.4456782390898,0.791226488516664,0.227845237147627
0.00988830735670447,0.0333532594483874,0.0456854864979476,1.81297029727427e-06,0.0381672137966025,0.0905084846977815,1.33952007351837e-08,0.782395421837079,"TCGA-EE-A2MK",0,"",193.819056118752,304.517695635494,0.617728276877761,0,0.756442913084781,3.26231713908623e-19,0.575968926710298,30.0893399517161,0.608135087968643,0.364008247844631
0.000555903209490415,0.11861302970473,0.0256490787884809,0.00219349647480827,0.0276347558998101,0.0155098359821651,6.57039326572445e-09,0.809843893370122,"TCGA-D3-A51G",0,"",110.416418461569,330.909627124216,0.732234904270987,0,0.918352784117261,5.06309879126991e-40,0.899272390967287,13.146178561997,0.914924961336637,0.220706504282229
0.0719309154023458,0.517194053399554,6.24055968435215e-06,2.76696431643268e-07,0.106027732638433,0.10081785874842,0.000404515788240585,0.20361840676689,"TCGA-EE-A2GE",0,"",412.226808752691,1211.3437328547,0.697585735325058,0,0.904876358724935,5.20877472668192e-37,0.883850137194431,80.4044301111871,0.908407808056219,0.838052655470549
0.01910442654433,0.0385291773623938,0.0634707680316271,0.00954643726198364,0.13702841856992,0.0365538613598332,3.84592354092013e-08,0.695766872410677,"TCGA-FS-A1ZP",0,"",220.689515650711,263.703801778515,0.649076898800757,0,0.468799609046059,1.27869821754634e-06,0.232321254393015,36.2362037850528,0.286315202174729,0.363070163081091
0.00173674483310927,0.0513803171987684,0.0147247702508475,0.00875802205667492,0.0283886711847778,0.0127873382305064,1.88147615869403e-05,0.882205321483729,"TCGA-EB-A85I",0,"",68.5652366905373,155.923357354922,0.680688512518409,0,0.855252644553256,7.18394081639501e-29,0.812185058326752,11.2661042371431,0.842659137527673,0.145416476968764
0.858890831253939,0.020769311994524,8.64029772359624e-05,2.0383756854393e-06,0.0297726396080656,0.0341718571396157,0.00348441230567861,0.0528225063452564,"TCGA-D3-A51H",0,"",280.991861231745,488.923263263791,0.606380180938355,0,0.804494405326718,3.24305356632132e-23,0.625291900084692,28.0886086121888,0.652014756008788,0.95157823429699
0.00587192721317826,0.00601014890206137,0.014526054526947,0.00462448521570068,0.00926044481647331,0.0103178224223388,2.79477609843281e-10,0.949389116623823,"TCGA-W3-AA1R",0,"",25.399229035681,43.0426755276059,0.591389648642962,0,0.765057534047878,7.35939917344132e-20,0.585636340785136,4.62359557467369,0.628952391982249,0.0747540753066405
0.00273615002092141,0.0442561533850439,0.00954742175247175,2.72819314735053e-08,0.0109922275557693,0.0219508816508783,0.000662221323474867,0.909854917029509,"TCGA-EB-A97M",0,"",87.9891080019147,156.758136349328,0.636939827477383,0,0.769988933471196,3.04855354642714e-20,0.653896357119709,16.6846930729579,0.694110501838154,0.138325388341035
0.0307244010245793,0.0441384535150373,0.0494506307891654,0.0154641710402998,0.0128554717789358,0.0784396071123583,0.000373823073713684,0.76855344166591,"TCGA-3N-A9WC",0,"",215.47134246387,309.694799716351,0.625407637281717,0,0.690476841749421,5.08585681527035e-15,0.441924485420851,38.8358507035712,0.47620373262827,0.359177527998688
0.00029936544859102,0.0379940791896808,0.00872809685083227,0.00118451124359627,0.0142368358309634,0.00211790238570545,1.19151715317316e-09,0.935439207859114,"TCGA-3N-A9WB",0,"",41.5553446105948,110.520645227591,0.580515987365148,4.58818932375151e-10,0.898782089636827,8.60033813923673e-36,0.890515963004542,5.8974681517922,0.90934485875619,0.0694746910827484
0.0108389079107033,0.00818442763966919,0.048655165705135,0.0217549564053435,0.0760666424009788,0.00584645723994109,6.83997197790195e-10,0.828653442014232,"TCGA-WE-A8ZT",0,"",105.766595306798,111.895763078746,0.440813696612666,7.77526062618938e-06,0.214650252780049,0.0347439465204263,0.0803363600790937,14.6261037889612,0.149656068248343,0.182868966599264
0.00513685919428092,0.0275466840430317,0.0216767834633526,0.00257771816778819,0.0196284694719538,0.0116106949813859,0.000339684913626702,0.91148310576458,"TCGA-BF-A1Q0",0,"",37.084899174428,88.5968518509356,0.602934988428361,0,0.85450203155706,9.01746418409017e-29,0.759001058248154,6.80807631909334,0.793575312575467,0.114513695156271
0.0562099237806525,0.0380111098845903,7.45601245798476e-07,3.26355173012685e-06,0.087356583291331,0.198226207229022,0.015869027259287,0.604323139402142,"TCGA-Z2-AA3V",1,"",318.552766648916,515.110485867325,0.559357248053861,4.30490821108853e-09,0.754930919816036,4.20985707605624e-19,0.550012227209979,61.2722904911317,0.577964497404718,0.599009094461038
0.000537376609141659,0.113358566256395,0.0554644173278252,0.000289713030762801,0.0485267946223181,0.00975991274260399,1.07062799845694e-05,0.772052513130969,"TCGA-DA-A1IC",0,"",1501.19619557097,1531.18868994123,0.580712181779928,3.45766425955037e-10,0.158537946264375,0.120901043699906,0.0311721753007568,60.1167131407157,0.039073597917654,0.246198658702614
0.0017747516679136,0.338081539447108,0.00673548262481157,3.13492853995989e-07,0.0949194644551395,0.0485654728947189,0.000796670580297139,0.509126304837157,"TCGA-FS-A1ZB",0,"",290.240172412032,873.773760572699,0.768514622343783,0,0.914420436782973,4.30791771835586e-39,0.904231496285881,49.6442223688177,0.925001408877465,0.546959449462714
0.00421549528758592,0.0253190678226924,0.0453290520894158,0.00635213689403562,0.0351146480478868,0.0354214715257661,6.93989343950559e-09,0.848248121392724,"TCGA-D3-A5GU",0,"",96.593890476734,152.205506684082,0.647814538186409,0,0.766197192030051,6.01482149655026e-20,0.602600033496687,14.7335891420868,0.644353900436048,0.221566482129973
0.00637122690184852,0.0816349469379161,0.0106789398105459,0.00214920445845673,0.0127962186679554,0.0158321956319454,1.60607868893039e-07,0.870537106983463,"TCGA-D3-A2J6",0,"",119.701783663162,248.058438709303,0.514385651167684,1.11248384423044e-07,0.827623145979254,1.46026877832261e-25,0.769171743312023,21.6399596845088,0.798732406968071,0.1631284204355
6.12401214723978e-05,0.0617489679042343,0.0098182935260159,0.0152767354697135,0.029349084644477,0.00641666451122099,7.99809200594031e-05,0.877249032902806,"TCGA-XV-AAZW",0,"",61.1716719306108,176.55019422782,0.657621613877256,2.52856417690451e-13,0.908758400976008,7.89551690929927e-38,0.861092251207258,6.03841420066815,0.874917258632229,0.136619534340967
0.000923800198769693,0.0401136395270739,0.0254418299511598,0.00480704542881978,0.0347324960914311,0.00752398514852711,0.000101679261606344,0.886355524392612,"TCGA-EB-A44P",0,"",56.6373942908733,123.126797596809,0.673969072164948,0,0.872116940690013,3.01576080831875e-31,0.813934884786999,5.57841800777534,0.835393109791315,0.130025583274794
0.00959757605693698,0.0120743069330402,0.0118754902477936,2.58278294212269e-07,0.0155091092905099,0.015155413445306,1.33195448916244e-05,0.935774526203228,"TCGA-EB-A4OY",0,"",51.0777366026909,74.8809898312321,0.457911173947239,2.40555634429394e-06,0.705625361672035,7.0177399115017e-16,0.551648546060239,7.96895888185359,0.600753999159074,0.0989417599833289
0.000832723139418461,0.0181567025456856,0.0314621847958677,0.0212107568360068,0.0164020148756787,0.00655311803938899,3.2961339164855e-10,0.90538249943834,"TCGA-YD-A89C",0,"",63.4681233792357,82.6209177444215,0.466991025356095,1.4223648871724e-06,0.583588897432875,3.53079076803697e-10,0.416847817834817,8.38577541841006,0.472288818115283,0.108941404272609
0.000784069697205883,0.178364164442763,0.032314687892589,7.88201333803208e-06,0.0284709624933156,0.048092446236825,2.42646193777045e-08,0.711965762959344,"TCGA-ER-A19M",0,"",174.665363729413,481.897130059037,0.738213819610749,6.27279612127985e-18,0.886902642738113,1.25876760429126e-33,0.841240081337719,33.036941738038,0.867419218591936,0.365564146624924
0.0680037067708745,0.0189564807772681,0.0868013032257632,6.80130296037053e-06,0.0591843645547176,0.0168704209404349,6.31999077583798e-10,0.750176921795982,"TCGA-EE-A2M7",0,"",100.72111989132,128.43693421575,0.436712460265813,7.74802693007873e-06,0.606433408532947,4.60901671405867e-11,0.425571041441874,15.2796839327445,0.513124072114548,0.280221498494515
0.0264912210729704,0.0251045462395322,0.073486149361105,0.00417031790292091,0.0371731803744668,0.0690741254529375,0.00170958589688253,0.762790873699185,"TCGA-DA-A1HW",0,"",176.442416480673,258.043128202227,0.58034399326741,3.72091038977368e-10,0.696620130126122,2.31180628837103e-15,0.478716853300535,25.7823077876641,0.513981916795476,0.351044534427888
0.00592693994632349,0.0345835660197298,0.0254309083217613,5.5536096353704e-09,0.0206955933603736,0.0169587034726585,0.000394157487437923,0.896010125838106,"TCGA-BF-A5EO",0,"",50.2185845279966,114.362106911491,0.589141068798653,0,0.853097392467576,1.37513596527365e-28,0.814121087524306,8.68147936201559,0.85102599638696,0.140917775743419
0.000869234003020619,0.0761799402982846,0.0331977698380459,0.000480493926090891,0.0321082412336293,0.0234304309119609,2.0608875348354e-08,0.833733869180093,"TCGA-ER-A3PL",0,"",129.671104530381,243.424357669088,0.629984680564773,4.73366433715477e-12,0.842582032570858,2.83378041749024e-27,0.767564124773174,13.0896097459419,0.793225233795156,0.212956322859032
0.0538578141212698,0.064103772290526,0.0677527762956402,5.9192659309528e-09,0.0448389579982691,0.0303399697773302,2.46292039324238e-08,0.739106678968495,"TCGA-EE-A29N",0,"",81.6099150694373,202.35220372797,0.666118767094467,0,0.862141904727981,8.38423166686585e-30,0.775183427110705,16.4319045744215,0.814488002513943,0.313569313963681
0.000133212407868658,0.0636336153689281,0.0179636808713923,0.0050671501343295,0.0355316221410622,0.00778670990137067,0.000867357131830757,0.869016652043218,"TCGA-FS-A4F5",0,"",80.9935098130908,188.868558299759,0.651141384388807,0,0.852478291345636,1.65391983445853e-28,0.811575754225067,10.3645429874773,0.833992236963812,0.147737427957076
0.00506825142108457,0.0620681854637337,0.0163913661994189,1.97182195582057e-06,0.0310845591450188,0.0125180589720941,0.00151535622335456,0.87135225075334,"TCGA-EB-A553",0,"",117.165476009968,204.103695698632,0.717191773616663,0,0.751550826464143,7.39530819352002e-19,0.64690685125512,16.6766864960508,0.679662033941303,0.155569956995014
0.0163509999545318,0.0393825995844309,0.0520806568976134,5.24606439116287e-08,0.0363679630485216,0.0496989726437647,0.0100029357869636,0.79611581962353,"TCGA-ER-A19G",0,"",105.008703437691,196.288851823264,0.635085735325058,0,0.791479633936191,4.98863241372542e-22,0.628598226454496,22.3665635220065,0.672968924073782,0.293668397166505
1.9586862846385e-08,0.0282137712734838,2.31678070103852e-05,0.0360224835262283,0.019347501808396,0.0111871579992734,0.00189465004124699,0.903311247957498,"TCGA-ER-A2NB",0,"",87.7187643581723,119.991306142858,0.6193511944398,1.35421048949369e-11,0.592734996545884,1.59272534096143e-10,0.367562701906552,13.5825969221533,0.410181213365639,0.121524218480943
0.00121376358927464,0.074193104640388,0.0298843144413151,0.0029930885899679,0.0326581169293613,0.0133982149511077,7.18348269234444e-09,0.845659389675103,"TCGA-EE-A180",0,"",87.1652479459604,216.554722992709,0.651071048223871,5.20354006780988e-13,0.873680047318658,1.74645027972777e-31,0.83799127407938,14.7073666137358,0.864422552073963,0.181959598626037
0.0170760538131115,0.116826959445633,0.0264873073090965,4.33096256966069e-07,0.0364723255136132,0.00890012918613154,1.00181724960852e-05,0.794226773463661,"TCGA-FW-A3R5",0,"",93.1751466297889,323.911514117961,0.700439196297076,0,0.934729781259884,1.79487965092628e-44,0.915424630858232,15.2618195689138,0.932264501823343,0.223202900749368
0.00327670979544526,0.0503500851577509,0.0150261667189921,2.24223241755517e-08,0.0578382059980804,0.0500279758714196,1.78078972662964e-05,0.823463026138721,"TCGA-ER-A19T",0,"",135.167670144297,226.333548034618,0.598205069213101,9.77554057740307e-11,0.754452172952067,4.56209841792569e-19,0.559789674246474,28.7542856895296,0.601678065289979,0.269562477174374
0.0691227872926021,0.0131359471310331,0.015816347900589,1.40989533302488e-07,0.0234590697054864,0.0295916625501277,0.00173179090728807,0.84714225352334,"TCGA-D3-A2JF",0,"",69.7446998531407,118.369143228227,0.622264885335577,0,0.761383592490268,1.39949014998768e-19,0.597845341256002,13.1215749845065,0.646004277965603,0.212464196015916
0.000294695825836551,0.0250372253074352,0.0270362725448061,0.00818478998960274,0.0409092588039181,0.0087520499893753,6.97002884387192e-10,0.889785706842023,"TCGA-EE-A2GO",0,"",37.1486486095879,81.2945722864606,0.510881428634384,8.96090250321922e-08,0.83092220493516,6.32880801822794e-26,0.766097883416251,5.52415619290254,0.802415848161089,0.129272346012327
0.04823872345688,0.0346358480505988,0.0817383753597963,0.000991176505161476,0.0576065356893516,0.0338064610626327,3.38193978526932e-09,0.742982876493639,"TCGA-FS-A1ZT",0,"",96.6238394319627,163.037338089854,0.665145697454239,0,0.746521032324329,1.68229919269044e-18,0.568147097740458,18.1451842678858,0.622433852574823,0.31545840408471
0.0185499792645288,0.0176043701608827,0.0151789428436688,0.00569903376411089,0.0461605779747807,0.0108373750442503,4.3454950589272e-10,0.885969720513228,"TCGA-ER-A3EV",0,"",63.3954988547444,86.2169187932266,0.477490450054532,7.60022042919472e-07,0.642081297808134,1.3620142778245e-12,0.466345407760946,9.75340724305781,0.533038245494272,0.137698836700184
0.00109996102790424,0.00461934511441472,0.0205255346988286,0.0147748536599471,0.0487325895627197,0.00153642220580361,1.33631614148771e-10,0.908711293596751,"TCGA-ER-A2NE",0,"",37.6525473536649,42.2833563199246,0.431913523545865,9.98934015928751e-06,0.293753641306736,0.00349636160481882,0.159075320881525,6.34284579037632,0.258158431492937,0.0944555180669564
0.0028585396567658,0.0319865272302855,0.0260703637776332,0.000491469977117156,0.0260988978159608,0.0309814825668718,5.01475844677823e-08,0.881512668827781,"TCGA-ER-A198",0,"",83.1545976909806,144.972515707827,0.65740058910162,0,0.769963111931126,3.06282848899235e-20,0.580436452988577,15.988832741395,0.620969990283483,0.182774002529373
0.000455713879411542,0.243857046615263,1.13775292791553e-06,6.44716673376694e-07,0.0639507351756046,0.0290672693190858,0.000326851231905479,0.662340601309128,"TCGA-FS-A4F4",0,"",353.66568350831,713.254422384577,0.735325057858195,0,0.819963731470553,9.51842101894567e-25,0.77237572953235,58.566762814422,0.798581889392483,0.383368233052202
0.00105330209199727,0.0711401803676236,0.0248449977930324,0.000454158393121466,0.0340864048818108,0.00852221368720993,6.91111181001949e-09,0.859898735874093,"TCGA-DA-A1HY",0,"",65.3418593305618,201.000890211195,0.681703271961105,1.51686832427722e-14,0.918613986710153,4.37525418208799e-40,0.900726110499487,8.22759126667152,0.917230749745215,0.158137121203301
0.00215970467527485,0.0155060280533641,0.0285658193298835,0.0137560700033367,0.0417947695659143,0.00801480251922778,1.17503406596426e-09,0.890202804677965,"TCGA-ER-A42K",0,"",52.1662410793327,71.7957505536891,0.553163791289712,7.19874027282909e-09,0.620455296437263,1.21643416352556e-11,0.478434286371337,7.02439920287615,0.544652350175739,0.127192688328981
0.0118920514836283,0.0840353458201183,0.030710744603592,0.00304030575379416,0.0518654178449508,0.016403058728375,5.71469806162188e-09,0.802053070050843,"TCGA-EE-A2GN",0,"",82.4905904450068,238.663825693513,0.684554491899853,0,0.900793671843276,3.47782220984346e-36,0.878117921497284,13.8859920702105,0.902723556928073,0.229871788528303
0.0324632989353213,0.0163748154283638,0.0289292322528566,2.97945311822023e-07,0.043820296915436,0.0112288116610244,0.000125374176660756,0.867057872685025,"TCGA-EB-A5SH",0,"",103.073174368178,118.365576672517,0.471281296023564,1.49692541840593e-06,0.522815500515544,3.94220568402638e-08,0.321832468657327,13.6004326798263,0.397323069837875,0.156900774605982
0.0602563495754984,0.0091206603385376,0.0352312923803359,7.9456457690617e-08,0.016456301435032,0.072181518009203,5.70139272441982e-06,0.806748097412211,"TCGA-GN-A4U8",0,"",160.715176729629,247.105747047033,0.650286661056175,0,0.734651889939314,1.08632532065055e-17,0.511813053305216,26.3674945509465,0.53944866541433,0.318515271656498
0.000645897735703561,0.138315846585387,0.0332216004487809,0.00341277230531079,0.026063584235594,0.00550101544935006,1.88278995936433e-08,0.792839264411974,"TCGA-EE-A17Y",0,"",142.335786090984,395.649042495581,0.650812644645487,0,0.900022253333071,4.93270148635946e-36,0.89551971892235,23.456536674399,0.914402207260684,0.217787145218571
0.0198272715553812,0.0195540134581833,0.0345285156592533,0.00537030085732996,0.0152586531402179,0.0133269344005591,0.000350528518542725,0.891783782410533,"TCGA-D3-A51T",0,"",47.6023201721041,81.1550993889941,0.54704923206396,1.15870142926347e-08,0.755924062169759,3.561380903459e-19,0.601957319809421,8.53181322186316,0.654264987712143,0.137210751896267
0.0175009609281161,0.323444138556889,0.0196184702892855,5.94205978142585e-07,0.0992582249337716,0.077963974235654,0.000214237719659913,0.461999399130646,"TCGA-D3-A1Q8",0,"",368.612446940061,841.487468042517,0.6924310961498,0,0.849307865766025,4.20143392651797e-28,0.810522166404446,61.9523530826904,0.839566378442556,0.614546293296622
0.00227900756871571,0.0114745474686947,0.0168894576746753,0.00282801306711024,0.026120825555281,0.0112325621182614,0.000185698145358177,0.928989888401904,"TCGA-D3-A8GR",0,"",33.7005188557524,56.694414649435,0.572113314486409,9.26371043181116e-10,0.735486221162866,9.55958511137753e-18,0.609433358306337,5.92817636105056,0.662926734789164,0.0966847617938307
0.00197724120632486,0.0489359319184621,0.0650361564572854,0.0246875593713088,0.0988628123392076,0.0243337349849143,6.63567689572776e-07,0.736165900154807,"TCGA-ER-A19L",1,"",138.246935920645,200.396191478782,0.606472228066484,0,0.711517835877408,3.13873178230064e-16,0.557067617957604,16.3313924029401,0.605626624904157,0.306130955556877
0.0265434107410035,0.0917227452030892,0.108619542242063,1.37356243390236e-05,0.0148137051321696,0.163278548024881,0.00483851327898402,0.590169799753471,"TCGA-ER-A19W",0,"",286.061015132633,484.867819221004,0.768777614138439,0,0.769313612263069,3.44404276601875e-20,0.568113555543636,53.0412322024475,0.602127149229158,0.58305989420417
0.00299921543293409,0.00954416192257532,0.00965794727255067,0.00366605534259395,0.0321037611797055,0.00199076850670626,2.47448804304775e-10,0.940038090095485,"TCGA-GN-A8LK",0,"",32.5909417365081,42.9399448700567,0.414299852058003,2.45734679981063e-05,0.568829089424066,1.21264435784334e-09,0.413518585285338,4.95405537604682,0.477114742674276,0.0645703766999606
0.000944380109549726,0.0341090376404902,0.0289875116374343,3.38429879648815e-06,0.0139667394536192,0.0211803081488411,2.01665969013361e-08,0.900808618544672,"TCGA-D3-A5GO",0,"",54.9808621697145,120.270701182129,0.722256740012647,6.86983782673999e-17,0.844863368317547,1.49831564077728e-27,0.769356641954497,10.7306873950593,0.808028051326429,0.145054500382582
0.850168987261795,0.0392686267124464,0.00166888260816955,5.97897166574032e-08,0.0723142408708086,0.0352464315501938,0.00133276563599156,5.57087838141329e-09,"TCGA-EE-A2GK",10,"",297.221704820579,511.104839082672,0.492360088365243,4.38146387796387e-07,0.780303932923423,4.48612314804585e-21,0.584697904948474,31.2177668625156,0.616075643781471,0.999999994904789
0.00102783868680831,0.394208324941895,0.00639985608199123,2.14397176384048e-07,0.10274771533857,0.0307124873773623,0.000420213581400267,0.464483349594797,"TCGA-FS-A1Z7",0,"",313.579324418069,1040.40071021981,0.798732379549758,0,0.926241149298588,4.89103530382498e-42,0.926113579009785,55.8849821181206,0.944209588006393,0.569226823421542
0.0268660964781731,0.0200932792232285,0.0353059443370842,6.12346974173548e-06,0.0327850859621994,0.0686768722140057,2.80712990762479e-08,0.816266570244268,"TCGA-EE-A29T",0,"",161.595969176317,244.675915474304,0.558655581529099,2.74150495867035e-09,0.720207264682145,9.23068255045021e-17,0.493190338244627,25.7812438720733,0.524101705694634,0.305151925517525
0.192848043461573,0.124196487249476,0.0701579231761394,0.0341691129116942,1.31256044024109e-06,0.343404358896948,0.00133914260967668,0.233883619134051,"TCGA-FR-A7UA",0,"",512.391883140919,778.158650453939,0.580422890805807,3.66379254133561e-10,0.726758306693616,3.55722886568579e-17,0.493384514338848,92.2861308731575,0.523621508384142,0.875261388136078
0.167785505366176,0.0952843026015579,0.00652678550792438,1.14550458198792e-08,0.0760037559349237,0.0106641549248835,0.00030445547625582,0.643431028733233,"TCGA-D3-A2JD",0,"",126.450314041404,294.39162634213,0.69909793814433,0,0.872384733285358,2.74773253046277e-31,0.828705874193825,17.4272441504789,0.857898941246735,0.373976123840632
0.0454277470058915,0.00570589474151752,0.0496031965526718,0.000398874992684371,0.0224493069641294,0.046490067848195,3.74508318071317e-06,0.82992116681173,"TCGA-EE-A181",0,"",115.396000354495,172.858864744405,0.589469808541973,0,0.721399422336011,7.77587641407103e-17,0.500137776974924,17.5852269541116,0.531084966406033,0.257729967947566
0.0390503427748317,0.0665615526358098,0.0238545559509746,1.9275789100408e-07,0.0368039296123898,0.0799692569750751,0.00654587180853545,0.747214297484493,"TCGA-D3-A2JO",0,"",173.870575054403,306.043788309738,0.520302966547444,7.56411040176798e-08,0.774299757938843,1.38559959219912e-20,0.594900259884248,35.3625461654307,0.63633297995375,0.379575432449159
0.000124343475962189,0.242699549258638,0.0465276316695239,0.0380656087604732,0.0751554469138747,0.0335458987008059,2.56875463674916e-08,0.563881495533176,"TCGA-EE-A2GP",0,"",219.708843932608,650.792659119405,0.727356406480118,0,0.907130100612253,1.75968067304307e-37,0.883319920453556,33.4268095567678,0.903005548480754,0.480051010350996
0.0152961737288495,0.180259422246732,0.0167450181702584,5.640161670459e-07,0.107148886290457,0.0526713367970446,0.00649901278662896,0.621379585963863,"TCGA-BF-A1PX",0,"",206.09962218695,497.906613155628,0.638596675783715,0,0.877134459097385,5.08741652758283e-32,0.817334275572095,35.1762905441872,0.846952039360216,0.452414598414487
0.0436226264553005,0.0627684667021901,0.011884020938864,1.9536220363531e-05,0.0385880831663836,0.0213636135659581,0.00154341989396476,0.820210233056975,"TCGA-D3-A2JN",0,"",85.7383146144756,193.978516020869,0.655572796128761,0,0.872748989316826,2.42016326779249e-31,0.794414343057131,10.2273147169614,0.820851516447087,0.222284379704517
0.000474367861530394,0.0189738837154722,0.0133486392616649,0.0056941941977609,0.0371494565792518,0.00274923805786571,5.96959929716889e-10,0.921610219729494,"TCGA-D3-A8GL",0,"",25.1377777773296,58.3564575122352,0.605796415427079,4.8890088539837e-11,0.873151994031741,2.10209563707561e-31,0.832953826121224,2.5839838542929,0.855996231263653,0.0845973011233964
0.00320542541194133,0.0352361832701017,0.0196063214553231,0.00585895662291962,0.0159161604305868,0.0113175671526744,2.276822793585e-09,0.90885938337963,"TCGA-BF-AAOX",0,"",124.788751408973,159.060668733592,0.525248938991829,3.3214467240609e-08,0.503234203673196,1.49209127067933e-07,0.279994626825295,18.4746663027985,0.31268709087376,0.116373213306565
0.010600658264642,0.00217429536385007,0.026333610363162,0.00982282017108883,0.0150867823161523,0.0484835140670571,0.00367838806678187,0.883819931387266,"TCGA-EE-A2GU",0,"",150.083934087991,199.372553571287,0.588880012889822,2.23448435387328e-10,0.662584802753796,1.4460967665534e-13,0.392732878451598,20.2212868264004,0.414518096128596,0.21337341765783
0.00792396229109833,0.401278607398062,0.0264179683650664,1.51453119529934e-07,0.0440879704540892,0.0884209849444238,0.000151881791912246,0.431718473302229,"TCGA-GN-A266",0,"",312.55294021105,964.331100286988,0.743320008415737,0,0.91147066415131,2.00858592119873e-38,0.880257857511178,68.090168334711,0.905030354174495,0.647609782019403
0.00109449986391457,0.00492148432865843,0.0119266226348709,0.00152184975679692,0.0345230709364831,0.00730575210450624,7.14460238968802e-09,0.938706713230167,"TCGA-DA-A1IA",0,"",42.8786529932347,50.7657403865398,0.552779029282627,4.33756231328159e-09,0.546783896518662,6.86421314363906e-09,0.323800610339001,6.08418112298891,0.385150995885274,0.0783125760788403
0.037147424385313,0.0154368095280137,0.0893879328973496,0.0119275829958836,0.00699660099370946,0.19128261266162,0.00365206648217254,0.644168970055938,"TCGA-W3-AA1W",0,"",368.44258907627,536.944993802381,0.68989322533137,0,0.712317670405994,2.80962805634943e-16,0.471056232773365,56.1579236399996,0.492665490337833,0.566762830161304
0.000526698781850262,0.0106286446369844,0.0152132318448592,0.0077557604053903,0.0247955937869816,0.00195719091860734,1.53930419582098e-09,0.939122878086023,"TCGA-D3-A3ML",0,"",30.5623774048425,42.849237105272,0.467459201725882,1.38377592211562e-06,0.660303258145454,1.87206475757112e-13,0.514835372943558,4.20174824953367,0.567407849464564,0.0652846401108193
0.00370561456564885,0.131749504371121,0.0235737372271641,4.46008853243274e-07,0.0405322149312554,0.0785461463768249,3.62076255755399e-05,0.721856128893557,"TCGA-ER-A19Q",0,"",185.212003513066,402.652497106063,0.747199137386913,0,0.831160984685227,5.95301670996695e-26,0.712017636179182,38.7904187740139,0.748469361618716,0.398427981919269
0.00285866737126664,0.0108945302541487,0.0436578352302819,0.0179369827753751,0.02688877542111,0.00328445204190365,3.10179183883595e-09,0.894478753804122,"TCGA-FS-A1ZZ",0,"",126.705654279915,130.949308762279,0.414738302481838,2.40435130935845e-05,0.231766425786649,0.0223574212626647,0.07752001270445,10.192974960116,0.121338328611641,0.112307095137224
0.0161801059121614,0.0109070491611346,0.0329869898270015,0.0177030548585678,0.029200760112034,0.00904557092367631,5.26861445919297e-10,0.883976468678563,"TCGA-FW-A3I3",0,"",53.6067905675078,67.9999859644424,0.392041868293709,8.14626594485811e-05,0.584016310053569,3.40371961793165e-10,0.405198886746165,8.40818247507843,0.488497240474771,0.135486835104311
0.0064445678191393,0.193934189367016,0.0128940691535288,7.59388338019373e-08,0.0193400054262075,0.14355258313349,0.000190153246807769,0.623644355914977,"TCGA-ER-A197",0,"",284.444522557995,574.66211526832,0.686737323795497,0,0.81526735485571,2.87677656402101e-24,0.662698772475726,67.2126575055053,0.699833234008166,0.543387109018339
0.120210630668144,0.0582790223708204,0.0184218277951354,0.00107032196819683,0.00379215549041732,0.14623268862451,0.00846137150480531,0.643531981577971,"TCGA-EB-A5SG",0,"",294.843370306202,453.931487291689,0.628353145381864,0,0.734279848322407,1.14987422133094e-17,0.504074124033897,52.3781797954854,0.537233534758678,0.531578748106794
0.000151801282840023,0.119042592323039,0.0161368047874247,1.40768925278071e-06,0.0383452932767192,0.0072052375999944,4.54212241215723e-06,0.819112320918318,"TCGA-EE-A29A",0,"",100.226278755548,332.324699740374,0.774076898800757,0,0.936075927321469,6.88443343882076e-45,0.933740950084781,8.41464735908583,0.943608716610371,0.195508151092099
0.000301611463514052,0.12477759052813,0.0263357174427123,5.37176958587034e-06,0.0246226566148592,0.0109836594861114,3.49883782829227e-08,0.812973357706709,"TCGA-FR-A726",0,"",146.733449013936,360.96905546701,0.659714916894593,0,0.871907813392535,3.24265541722859e-31,0.851706279768398,26.9051876867175,0.875051591517406,0.208925533423265
1.85467980916758e-06,0.0433443856876869,0.012343249254794,0.0257319114204384,0.0315796723681442,0.00359988026837425,0.000148111313193915,0.883250935007559,"TCGA-EB-A4IQ",0,"",75.0032281357554,139.070790885507,0.56677361666316,2.17557139433329e-09,0.794688582309713,2.58981060546309e-22,0.698585335280268,8.05369082124232,0.722805678541159,0.124396466571283
0.0147167755864003,0.0061689349869413,0.0290002036620734,1.95557278253205e-07,0.0323394318956969,0.0527951665356183,3.25723740511844e-11,0.864979291743419,"TCGA-EE-A2MS",0,"",116.612644249205,183.849547860103,0.511992425836314,1.2973640263991e-07,0.755246355229276,3.99236793833932e-19,0.56080892390169,14.8202430521564,0.586345881389001,0.237423816718412
0.0534269573370918,0.0645170965542284,0.0165587894900496,5.03125577840193e-07,0.0195072647123351,0.0564507224462257,0.000110335570140262,0.789428330764351,"TCGA-D9-A3Z1",0,"",132.521539081436,252.658672954671,0.534543972228066,2.87703255694808e-08,0.799889058308984,8.72885298492736e-23,0.628866119162623,28.9998077046234,0.670797005016499,0.309891293739281
0.00668321413090175,0.005090319779806,0.024339980251678,0.0146533358934389,0.0133459524649942,0.00235679079306265,1.61255358743398e-08,0.933530390560583,"TCGA-W3-AA21",0,"",79.3135617773079,81.1574378058756,0.480209867452135,8.97873881766336e-07,0.154693560215539,0.130298215720437,0.0434378111896862,6.38224608621267,0.0891543743496397,0.0716371318974385
0.00197301003354372,0.0673981529604434,0.0217609218527534,0.00733450347938993,0.0237147903827513,0.00314120459472431,6.90151152835824e-09,0.874677409794882,"TCGA-EB-A82C",0,"",90.3228376667187,202.506242872742,0.654259947435012,3.67012321208447e-13,0.862875018819272,6.6256530679606e-30,0.844153897067773,12.1117216144726,0.865322310048794,0.131976578365839
0.00768674782948313,0.0751652099874267,0.0137692107638479,0.00143582557415489,0.0285226929837657,0.02634419215169,1.08724430717923e-08,0.847076109837189,"TCGA-DA-A95W",0,"",213.72066827725,296.112826983989,0.51422785609089,1.12386210193466e-07,0.689285675230403,5.91259654784235e-15,0.442257327847251,33.6926349136445,0.472470464848299,0.206113963584876
0.00265512570355615,0.535542238588341,0.0331594496363065,5.03519401628935e-06,0.0948968226894484,0.0819242614577506,0.000408040675384066,0.251409026055197,"TCGA-ER-A195",0,"",410.728925933638,1283.23789807431,0.710524931622133,0,0.914605174614745,3.90474889507442e-39,0.891329095866639,81.0895968595572,0.913108238470783,0.791962262332527
0.109477143081494,0.0977037552756831,0.00636238268364053,1.98214893572098e-07,0.05000327604848,0.0416490763711925,0.00118829218578707,0.693615876138829,"TCGA-D9-A3Z3",0,"",137.684780489046,302.809511922761,0.699084788554597,0,0.835663191737074,1.84316141819859e-26,0.750960004248607,27.4429991805305,0.79291102650025,0.373225089023485
0.000889229521844742,0.017852401667665,0.0180188946242413,3.66397631366448e-08,0.0380807700143238,0.076063756917542,2.15980759877624e-05,0.849073312538632,"TCGA-EE-A2MP",0,"",156.003170231102,251.33273581826,0.676151904060593,0,0.753769999718483,5.11390341520771e-19,0.546416782240245,26.7593179412945,0.573661995738619,0.288690294785925
0.00128774597407665,0.0967143433964268,0.0143714324275301,6.16067325577523e-08,0.0234991200343381,0.0126787131903583,0.000263006362619307,0.851185577007918,"TCGA-EB-A3XC",0,"",87.9296830857479,270.759429569312,0.733216959085592,1.3519529572018e-17,0.912175824184976,1.39700599984212e-38,0.903925777241887,16.0353872944909,0.925116861831211,0.175349028144807
0.000648515887823858,0.0107932722396008,0.0313696025916265,0.0101237945191527,0.012060108449423,0.00525158739539252,2.99812724645074e-09,0.929753115918853,"TCGA-EB-A51B",0,"",30.3475606241882,45.2544798103179,0.583766724757021,3.47737821278234e-10,0.729118561673372,2.50592052684759e-17,0.59867503722441,4.39852978889178,0.654825764394571,0.0820797661549359
0.0037596615219883,0.655341694657752,0.00298920714004517,8.96422449162811e-07,0.10266487262957,0.0453567492810215,0.000375465869772868,0.189511452477401,"TCGA-EE-A2GD",0,"",567.118374916074,1690.60704388857,0.710564380391332,0,0.903679797484444,9.16657988558227e-37,0.89037656690784,117.787002308119,0.910931185302834,0.83013065572684
0.0140391194638311,0.0777269661561749,0.0668280676873623,7.43572434717671e-09,0.0541173675972415,0.0600754792635107,0.000458200697697037,0.726754791698458,"TCGA-DA-A1I1",0,"",140.610231335667,280.108801104077,0.698282663580896,0,0.811189596302189,7.32880383852948e-24,0.679651371492389,23.1647166737839,0.716911113424085,0.369372938692547
0.0148549045100497,0.113921939720169,0.0296416093831646,0.0167237084645284,0.116007216060727,0.0147950948176198,0.000405367689429421,0.693650159354312,"TCGA-EB-A3XD",0,"",148.158180800458,336.24368937358,0.635953608247423,0,0.819231710348827,1.13331032941685e-24,0.68743714715503,19.2882159146787,0.710570318824031,0.331264171648614
0.0976932779885218,0.0388512992375168,0.0378929472681294,0.00504250679806744,0.0604255279552576,0.0740736170689795,6.76768513093325e-09,0.686020816915842,"TCGA-D3-A3CE",0,"",152.35329611443,262.196311837514,0.578897538396802,4.83958092089709e-10,0.768680340229319,3.85994978238749e-20,0.58752076825968,29.5293023780363,0.630889797522019,0.422876208574594
0.0927258076417235,0.0642361142870319,1.34420949495987e-08,2.48194682183839e-08,0.0261534646970052,0.0348672126046581,0.00116381092099518,0.780853551587023,"TCGA-EB-A82B",0,"",95.310052996963,214.094042383134,0.583920681674732,1.49128059043965e-10,0.857304613017754,3.83372548090168e-29,0.774763259406625,22.4986291893216,0.821359924038308,0.283201461713412
0.00466659980212561,0.0240056428918139,0.0386398506442275,2.32971301655424e-06,0.0307871205956544,0.0352165895833554,1.61268606704121e-08,0.866681850642946,"TCGA-GN-A8LN",0,"",76.0548545720909,137.955898216096,0.65787613703588,2.45776013535418e-13,0.791104074337682,5.38241037841281e-22,0.707851665824076,12.8002821376614,0.749946524915424,0.204384184003626
0.00141463486588081,0.0377270751939167,0.0285989400161521,0.014006558616254,0.0173360268733678,0.00408859678145693,1.5662447141064e-09,0.896828166086727,"TCGA-EB-A6QY",0,"",45.7063510386964,111.97000110439,0.549686378208399,5.50262375245013e-09,0.868104659736962,1.18677251355413e-30,0.776247472693419,4.81324822367032,0.793931399255226,0.11197766400732
0.000333536035776202,0.0773630117700117,0.0129235583554716,0.00380038534253928,0.0245436136657999,0.00628677526334838,0.00017464770079025,0.874574471866263,"TCGA-EB-A6QZ",0,"",173.293329471342,269.797423165081,0.611785050070558,2.79359660987027e-11,0.748978396470181,1.1286698069497e-18,0.544606078011729,24.3458265012121,0.56606291071819,0.139065254534042
0.00103899587099216,0.371867298555271,0.0111650560036169,1.50275528575854e-05,0.0918290128833065,0.0285991323152631,0.000218427810148036,0.495267049008545,"TCGA-YD-A9TB",0,"",391.709443787969,1018.83775656464,0.710130443930149,0,0.882136264665282,7.97291986383202e-33,0.86806119115604,67.6972027490968,0.889471741731163,0.53833772111271
0.0128148107270559,0.00582897891711957,0.0268290994099288,0.0094626912043322,0.0207866827167972,0.00750554297540771,7.08973195477094e-10,0.916772193340385,"TCGA-EE-A29E",0,"",61.582973825091,68.1455608905009,0.331277058950084,0.000918009412734861,0.318685136052385,0.00146577274958377,0.119455920253353,9.76304027031545,0.164224562807393,0.100098606233444
0.00732429825246299,0.034672816514475,0.0557544586426656,0.00764614496175122,0.0201647070070067,0.0118949047271284,3.57374018355191e-10,0.862542669537136,"TCGA-W3-AA1Q",0,"",49.1730518116314,109.994053354647,0.629812749842205,0,0.851063924318842,2.51361023234971e-28,0.766725753650172,7.7832991818766,0.800690487394506,0.162245320364973
0.000112223167963702,0.039784709468817,0.0205020818412701,0.0225676977525525,0.0414324261714662,0.0160714338016926,0.000948739699009482,0.858580688097228,"TCGA-EB-A299",0,"",69.4861238171038,133.867268685338,0.627117083946981,0,0.775263912783493,1.15880288620404e-20,0.616535180751536,8.75323339309576,0.648202200730031,0.174872950702232
0.0198751671286052,0.00765826097144984,0.0461036582050396,0.00606874001809318,0.0463382123591415,0.0479695977464046,9.21159811919741e-09,0.825986354359668,"TCGA-EE-A3AE",0,"",132.658906312245,187.16437265079,0.618398905954134,0,0.699875876440793,1.51000358910498e-15,0.468144886456018,20.4681753759061,0.499450414883223,0.263648228079317
0.00047577757179677,0.0106498755726784,0.0183196940170367,0.000881115783602143,0.0180830537200396,0.0214197372119814,4.75355846041351e-09,0.930170741369307,"TCGA-EE-A29B",0,"",57.9227868669859,89.0550880226732,0.609389233938937,3.49954796962835e-11,0.727678974716032,3.10422543126444e-17,0.52382792453745,9.94681439603581,0.560915864708113,0.117795095702779
0.166923275343653,0.0387740396203079,0.0910535330034721,3.28966430777602e-08,0.0526292648756423,0.0151613198535289,7.93130278563823e-10,0.635458533613622,"TCGA-EE-A2GL",0,"",87.5397689980984,163.425819840655,0.559357248053861,4.30490821108853e-09,0.793814588701005,3.09964306545686e-22,0.658649735261848,13.3997963148688,0.710845506048619,0.387935345438627
0.000505918336209159,0.026589365559,0.0188161550657522,0.0096597697495293,0.0271058812319391,0.00472937948345884,9.94626724875027e-12,0.912593530564165,"TCGA-LH-A9QB",0,"",32.4295562216517,79.8673354205165,0.61078730140275,3.06911254356497e-11,0.874638067374887,1.2450586626591e-31,0.834487997422892,2.83064525328875,0.852383589249826,0.0979741540279968
0.000565182672882831,0.0147446118285035,0.0153174815855429,0.00744420258825704,0.0208341495024196,0.00195932888383582,9.12901571139479e-09,0.939135033809543,"TCGA-EE-A185",0,"",28.3287704023939,49.4620638771115,0.492128522114833,3.06135428860779e-07,0.783675488519934,2.34452131305063e-21,0.697175675255478,3.18406033939123,0.729694404736485,0.0652800697453818
0.000742517689775592,0.0136486453283622,0.00920560884052968,1.7375004390496e-06,0.00654652393800496,0.0177786691321345,0.000115989648730398,0.951960307922024,"TCGA-IH-A3EA",0,"",47.0411984764604,78.2568915822703,0.641600312997545,1.43268904469739e-12,0.754480740186022,4.54029990010571e-19,0.581710479331898,8.63037758358902,0.620191581346422,0.0892265022162668
0.00450020344158,0.0323218314182091,0.0301209915626884,0.00218523811927557,0.0291169440611464,0.0169701046439853,8.20289670644409e-09,0.884784678550218,"TCGA-EB-A3XB",0,"",58.5265736475681,114.045564707696,0.624158426257101,0,0.809050547102357,1.18620763114263e-23,0.698196261406371,8.82048318309646,0.735956023429685,0.151600725982806
0.198240296223646,0.0230259150588708,0.112184738250673,2.56323558470029e-07,0.0508489696443518,0.0515647939706897,2.32766835460285e-09,0.564135028200542,"TCGA-EE-A3JD",0,"",136.047828997335,221.039476065068,0.68956448558805,0,0.732846412991122,1.43019367904106e-17,0.519663146139552,25.1555422419667,0.572521271583559,0.501156326232355
0.0101650256125803,0.0498050633723749,0.0112342808900141,5.13656956693452e-07,0.033162054185694,0.0206293079029138,0.00129367129755143,0.873710083081915,"TCGA-XV-AAZY",0,"",107.290094417058,177.632648131276,0.686947717231222,0,0.722590752324931,6.54531315481662e-17,0.582854175542196,18.3932928971658,0.625670776942505,0.169964730863124
0.0137362946879863,0.0155802283870687,0.0506970449297884,0.00633101795528754,0.029571063096921,0.0652669846038162,6.79398995181864e-09,0.818817359545142,"TCGA-WE-A8ZO",0,"",129.534141113176,216.868915727821,0.596335854778676,1.15620099420988e-10,0.772583184410511,1.90065398954545e-20,0.592652941067054,19.0476335229454,0.62151915906229,0.297596323540295
0.0135866107769454,0.0637330141768138,0.016721988885754,0.00273411735977253,0.131118259842981,0.0436084336166938,2.36862324545256e-07,0.728497338478714,"TCGA-RP-A6K9",0,"",145.714256805152,246.388787475716,0.601817273301073,0,0.743776258652567,2.61323726891773e-18,0.542453168987622,32.151173980561,0.591108314942301,0.344274307957641
0.634084375870828,0.0204115426144733,0.25195186918834,8.58433090665577e-07,0.0586333036595158,0.0349121841101989,3.42910287467899e-08,5.83183252406151e-06,"TCGA-EB-A5VV",1,"",211.253171413424,377.949334520138,0.634967389017463,0,0.779777733518278,4.95913920792104e-21,0.588081283884986,26.0603838759589,0.625136724220073,0.999994642341991
0.0144701339652933,0.0270652187139136,0.0240961142588745,0.00130546955498279,0.0259549580750278,0.0190221287597638,0.000269729194565835,0.887816247477578,"TCGA-EE-A184",0,"",60.7975712067438,108.368744215014,0.593572480538607,0,0.76887227438497,3.72899392055173e-20,0.604718950276284,13.0042024474925,0.653263261868996,0.153063005215762
0.0660850462416053,0.240344736744264,0.0243156960431022,1.04190044324868e-07,0.0381162095606802,0.0459505042406387,5.71021325041432e-05,0.585130600847161,"TCGA-HR-A2OG",0,"",209.038753696436,631.456744169849,0.698664001683147,0,0.915250658499215,2.76518851565676e-39,0.875095966500596,20.2345506345891,0.888992915416099,0.476208542056087
0.0315128298911024,0.063981518091653,0.00872694213332495,4.04262303380028e-07,0.0507916062786669,0.0250734498418626,8.34868245907718e-05,0.819829762676496,"TCGA-XV-AB01",0,"",144.136181163572,229.761735103986,0.651770275171062,4.82178780258027e-13,0.719030532077797,1.0923921550221e-16,0.597301796131532,24.5538579347307,0.643935689213577,0.229441165460685
0.000673284114503006,0.0166352550244446,0.0160482746248529,0.00593790030602677,0.0122413395761026,0.00309283725814999,2.98885399819922e-10,0.945371108797035,"TCGA-D3-A5GT",0,"",38.1888790935069,59.635894213847,0.55727680511823,3.05553249771268e-09,0.786878877404032,1.2519634642928e-21,0.675059130198222,2.19943537888488,0.695789508946082,0.0617804707262776
0.0358516906442818,0.332359105107076,1.55867165922292e-06,7.66556847273893e-07,0.0806402606648365,0.265493088386172,0.00069873089967114,0.284954799069456,"TCGA-ER-A19O",0,"",489.401730223151,870.976222387676,0.725699558173785,0,0.773837507295483,1.50910635769539e-20,0.61730763348315,107.826900971419,0.657059133974113,0.830076003834951
0.00723845152813256,0.0923866145433833,0.012015854045299,3.10325640485088e-08,0.0374701634542069,0.0168440696700275,0.000247424608797924,0.833797391117589,"TCGA-EE-A20I",0,"",75.4411361734961,256.112273373371,0.67984693877551,0,0.932788572229849,6.89907806398878e-44,0.907508860317242,11.9950499656714,0.926243393742883,0.200458785750716
0.0143675877299358,0.0263757301413818,0.0281153509743832,3.95632337046552e-06,0.0558445704374846,0.0393875607048367,4.00281535041072e-09,0.835905239685792,"TCGA-RP-A694",0,"",115.312670610928,172.061473026057,0.558239532926573,4.73758855723609e-09,0.698814321880471,1.73604598189969e-15,0.462275133629133,21.7226268720453,0.504560742680358,0.240168298257665
0.00142723074213026,0.0530954615846104,0.0300895291448294,4.23942984296775e-08,0.039927668488805,0.0195670035175781,3.02644803524203e-08,0.855893033863268,"TCGA-D3-A3MV",0,"",62.3486187349868,161.172243981074,0.583508387825278,3.55523109853759e-10,0.87247241675095,2.66513437015182e-31,0.828521071875305,11.7949891182319,0.861338030154863,0.184491695028162
0.000280587409554859,0.0169153751813671,0.0393488134871313,0.00333985174736393,0.0300344200312435,0.0608947271356192,0.0033853950050143,0.845800830002706,"TCGA-XV-AAZV",0,"",152.827811233611,224.905062562138,0.660753734483484,0,0.669879228272272,6.23878727902644e-14,0.469515191119635,19.8165650968348,0.500690292572831,0.267733230974205
0.00199225728440502,0.0290137519464768,0.030302485755994,0.011823497027036,0.036618579480794,0.00694931732240233,1.21340409111844e-08,0.883300099048851,"TCGA-EE-A29Q",0,"",47.2403971822699,93.5586247585131,0.606945613296865,0,0.825110140674812,2.7283469405058e-25,0.756818055888613,5.1776388706081,0.786493484354164,0.13164965348799
0.112284825944486,0.102682230265688,0.0480181217064524,2.13520356854359e-08,0.0287366391376718,0.0639959102972107,0.000238445891708809,0.644043805404747,"TCGA-BF-AAP0",0,"",189.229647959501,351.125147345669,0.680438670313486,0,0.778847728155835,5.91641521582402e-21,0.640359233958041,35.3930652250639,0.685390789528635,0.446232531866522
0.00757406187166004,0.0339990289079649,0.040021355700584,0.00607167057114838,0.0549678490225224,0.0269678350540505,0.00156944646273962,0.82882875240933,"TCGA-GF-A6C8",0,"",75.6327924430067,139.056382917134,0.615243004418262,0,0.775472742036532,1.11466716500364e-20,0.615573410300466,17.6490247162309,0.66724728474405,0.224214471178648
0.0498035296206854,0.0130064659621252,0.0293975394794828,0.00876798327991824,0.0194375383653463,0.0287613644123145,0.00474297446085107,0.846082604419277,"TCGA-EE-A2A6",0,"",77.3251634889377,120.029786782011,0.604670734273091,0,0.703254410673048,9.6469423809717e-16,0.497491583185673,14.744419779396,0.546986863572669,0.21186391890023
0.00427106465666801,0.0779040345729578,0.0276873126746977,0.00174913787182594,0.0452589107266062,0.0155919509213652,4.61018395828833e-10,0.827537588114861,"TCGA-ER-A19E",0,"",96.0830360921293,229.267627463995,0.613691352829792,0,0.86321784478233,5.9322276357183e-30,0.773993390813086,17.4939576073469,0.8019822139161,0.203837373542466
0.03606950695134,0.0466318015087798,0.00150288510113958,8.45300475940863e-07,0.0166858865692248,0.177553465128388,0.00741550483879807,0.714140104601853,"TCGA-D9-A6E9",0,"",312.522098511299,491.970971155808,0.558923311592678,4.46878038373699e-09,0.747568590445522,1.41989052623875e-18,0.528216117194681,54.3553555452011,0.554990266187543,0.50865665929984
0.00451814955235977,0.0135314354351388,0.0222817327008453,0.00867572553766023,0.0257041719517451,0.00480253209158871,7.72774580916226e-10,0.920486251957888,"TCGA-D3-A8GP",0,"",32.905254447203,51.7692533382637,0.495772129998755,2.4250844803581e-07,0.738011264117674,6.47332411623552e-18,0.618527230931613,5.33214163887013,0.67574523274889,0.0903281431033272
0.00133365040717105,0.109452210996348,0.0471604492635378,0.0158685483702161,0.0408360366900281,0.00886498457708109,1.50598393158308e-09,0.776484118189634,"TCGA-FS-A1Z3",0,"",94.0647882845657,305.870704412289,0.675963457173654,3.03823775185254e-14,0.920189812715372,1.79419499441739e-40,0.908564861353703,16.9646445618153,0.928339099278363,0.240116176511982
0.0160140963278396,0.034968563868717,0.031235057030343,0.00301257904173591,0.0171121133632095,0.0357199489571041,0.00180857662764073,0.86012906478341,"TCGA-WE-A8ZX",0,"",121.856930291915,179.953951973641,0.61612402693036,0,0.688319961385596,6.67701064764309e-15,0.487440426660945,19.4152016062484,0.531438868277199,0.211528981988576
0.0282790655638123,0.169729624355502,0.0263126760669641,3.0123969597584e-07,0.0628247594960222,0.0223995978970803,1.78847647349961e-05,0.690436090616188,"TCGA-BF-A5EQ",0,"",147.982153239691,463.61229162784,0.678663475699558,0,0.931991619343339,1.18525860868128e-43,0.916292532391734,21.3797750550545,0.934400185834296,0.346732050676168
0.00139832312059558,0.00849102552127553,0.0242053523950399,0.00983549102839568,0.0415382955798857,0.00733997758167978,9.45049483236913e-10,0.907191533828078,"TCGA-FS-A4F9",0,"",37.922806051407,50.7634895037957,0.609470334525563,0,0.615760257093965,1.91419026824039e-11,0.418983149508571,6.77055493532296,0.494296193562978,0.109117588664311
0.00164076424580514,0.200847306323798,0.0174325708939721,2.84033060052878e-07,0.0288689580097347,0.0157873549158356,1.28117174693288e-06,0.735421480406047,"TCGA-WE-A8K5",1,"",209.714179185621,564.314872564192,0.763346833578792,0,0.894181919420182,6.36089941016812e-35,0.884919830068865,35.9640836876968,0.905460539762653,0.292890792756598
0.00107722929246819,0.0152413390334406,0.0855034179554194,4.61530107778615e-09,0.0125875262220881,0.00862373873019831,5.33116511437312e-10,0.876966743617968,"TCGA-D3-A1Q6",0,"",30.506331443477,57.9747983259877,0.606893014937934,0,0.803339989457708,4.16685248179865e-23,0.654027153515676,6.01386529614543,0.705632037982865,0.141037268071934
0.00572241636416591,0.0146214964992518,0.0113598082890983,2.04199137935136e-06,0.0480886899373432,0.00899447612880214,3.74693435034591e-08,0.911211033320616,"TCGA-FR-A8YD",0,"",53.5147340331534,72.5021154191752,0.579292026088786,4.52066986332301e-10,0.699803269261604,1.52450945937184e-15,0.559757909499945,7.29475091158079,0.622625052705641,0.109113186995241
0.0133212336659015,0.121989043872671,0.0329268049384168,6.26346396243197e-05,0.0540786766852869,0.017910849731068,2.21884351065499e-08,0.759710734278596,"TCGA-D3-A2J7",0,"",138.376925714418,348.808361040526,0.669362341427262,6.62687954511595e-14,0.879798957666665,1.91508150028711e-32,0.860134101846084,19.6559029332033,0.883084510309953,0.273221190557094
0.00840618844563874,0.0260368161981297,0.0234232388108956,0.00347274429510053,0.0298965270677354,0.0118020825226082,1.30834295927805e-09,0.896962401351549,"TCGA-D3-A8GC",0,"",38.4737575256613,86.5105301950832,0.540497715255445,1.10014970558889e-08,0.836987945436403,1.29660845563714e-26,0.738723247457682,6.66250964745224,0.776522514349094,0.128988837460316
0.000238183104319799,0.0630995958412702,0.024019828458148,0.00763543328170835,0.0250416462410552,0.0114911928199172,1.87484288988603e-08,0.868474101505152,"TCGA-FS-A1ZE",0,"",109.285412932722,201.555595686486,0.638447276081867,1.99168766384803e-12,0.773965275276634,1.47393713932107e-20,0.628611088894887,13.93757287962,0.654904964725849,0.155929776605681
0.000684004463908681,0.154630209903851,0.00292321352462988,1.22808095411718e-07,0.0508345435425252,0.0147657293415007,0.000322100782021464,0.775840075633468,"TCGA-EB-A1NK",0,"",185.234820198503,445.592193299438,0.741672912868048,3.64854144250318e-18,0.875002193900247,1.09399214928998e-31,0.853975289931249,32.5626001461879,0.877571717791267,0.25230134865234
0.0134249545462365,0.0236802976001208,0.022614303228289,0.000798074399802527,0.0316920673827871,0.0228870880022145,4.3657344069429e-08,0.884903171183205,"TCGA-FS-A1ZJ",0,"",76.4182500581423,118.138172753477,0.416579002735115,2.60665105252165e-05,0.70640655435258,6.31488022272913e-16,0.501683488657617,15.2000504935675,0.550114418348732,0.163696074787824
0.00210570804546734,0.14426311384936,0.0631803374764371,1.03984862196067e-06,0.0641772969381913,0.0522988880660925,2.80483648769625e-08,0.673973587727465,"TCGA-W3-A825",0,"",159.747720578277,405.324242891537,0.709867452135493,0,0.869434223675811,7.57517872822507e-31,0.778791287282148,28.582020948614,0.807748190488808,0.404911422411012
0.00606562106312058,0.0109087132103864,0.0234118188340656,0.00822129318525699,0.0482254167103575,0.0158819185955233,3.16240558040579e-08,0.887285186777234,"TCGA-RP-A695",1,"",52.8440541209081,77.1353824909819,0.592092892075552,1.68564705029018e-10,0.685413620199722,9.59998233347784e-15,0.466968904459121,9.8151591523066,0.522075904458223,0.146945894348456
0.000838452613866841,0.0278875835879572,0.0410095871123853,0.0102105272961572,0.042965755722871,0.0286820117688987,5.57992178159709e-08,0.848406026098646,"TCGA-EE-A2GM",0,"",190.018260894313,218.622164594133,0.641504843999508,1.44713196489629e-12,0.412463638691374,2.69139404603108e-05,0.182093090558813,27.4110501590194,0.217070396858565,0.208944815039777
0.00222829125089653,0.0683737370672056,0.0229016964611832,0.00500046840066546,0.0501285859402497,0.00557164346737942,1.51368049908887e-08,0.845795562275615,"TCGA-BF-A1PU",0,"",115.628287001955,216.929236254848,0.629372334904035,5.03453297160882e-12,0.805738005235468,2.47102471907242e-23,0.758194140567332,12.152137956579,0.782220481779464,0.165780244472651
0.00529317348725022,0.050815913390829,0.0129963067555081,0.00530719013155921,0.0251414067819591,0.0273370193310147,3.22062756075364e-08,0.873108957915604,"TCGA-GN-A267",0,"",104.478808087406,183.133628572186,0.665868924889543,0,0.754030047502231,4.89630467880585e-19,0.593452308638553,17.303042645682,0.632094956951485,0.183616316302216
0.00986781223419464,0.0617565324427927,0.0173277532670896,0.0037458318076538,0.0288078172828035,0.014066510621495,1.06992911693098e-07,0.864427635351059,"TCGA-D3-A8GQ",0,"",95.5971843361019,192.212867380856,0.576938249526615,6.59017273714007e-10,0.818780187229059,1.26160472808001e-24,0.759121565524068,13.0509887524293,0.788956467300636,0.165322067688534
0.00066288226283352,0.0271506550022887,0.0146510387446612,0.00614402028730034,0.026371362198443,0.0122646383421371,8.10040143806263e-08,0.912755322158322,"TCGA-DA-A95Z",0,"",47.9132131549238,93.4989903527901,0.536221021256928,1.50814674712443e-08,0.798876496221087,1.08143663986177e-22,0.672194658195664,9.69855508135357,0.714423656968604,0.114702775024147
0.00225601549877334,0.0183114599530496,0.0222237656278588,0.000229111176183185,0.0318852605944945,0.0120054333881645,2.04036221641197e-09,0.913088951721114,"TCGA-EE-A17X",0,"",43.4437072590444,74.4873955900031,0.577937618346308,5.66145645757061e-10,0.732772934192806,1.44622252431223e-17,0.58227006793342,8.99603670000376,0.635479077243495,0.113799642757637
0.0014420576615945,0.00867499732169484,0.0177352703895877,0.00711708660598235,0.0194496651711276,0.00372973463840751,5.37387926674085e-11,0.941851188157867,"TCGA-D3-A8GK",0,"",31.3019910342638,41.0895250073913,0.46163152348226,1.94313564636373e-06,0.556118409325797,3.34573284491482e-09,0.382999868756703,4.9537242969902,0.451057427746379,0.0667483834938157
0.00071168088133404,0.0142097566502403,0.0458930842896785,0.0096564834922536,0.0248607893457698,0.0422670359430258,0.00260899981851131,0.859792169579187,"TCGA-BF-A3DJ",0,"",121.979274242408,172.132527159946,0.616518514622344,0,0.618079002321196,1.53162434599452e-11,0.421145753478461,16.0915897568109,0.457847916272467,0.223547026330684
0.00856010002953237,0.0091309638665179,0.0222286401422897,0.00742216345514508,0.0184526012618719,0.00599097260555931,1.88911830670337e-09,0.928214556749965,"TCGA-EE-A2MT",0,"",30.7484570790886,43.9039845347284,0.387800925141232,8.68649966208161e-05,0.63884930047692,1.91016516810338e-12,0.471917459827814,5.18578132023538,0.542355769862916,0.0854573258987654
0.0216922146386796,0.0272312611223757,0.029976855429661,0.000706309859149259,0.0425974481988539,0.0344748362066729,9.65647569260253e-09,0.843321064888132,"TCGA-EE-A20F",0,"",73.9759319272481,139.970194440822,0.559804334104776,4.14133954925809e-09,0.794491346337326,2.6972004337702e-22,0.644326899323194,15.1594129156734,0.68921699581843,0.224600039820028
0.0220163641324603,0.115151880125676,0.0333764201574541,0.0245876336522131,0.0659341451937993,0.0230690727751099,1.01267888469446e-08,0.715864473836498,"TCGA-FS-A4FD",0,"",121.057415932197,325.784137645539,0.628550389227856,0,0.885613620770375,2.09050731590236e-33,0.837066573883727,18.8786016133168,0.861763775691475,0.323504560049387
0.000400232026255914,0.36806230023116,6.61426248167445e-06,4.02993844582003e-07,0.0922090700580064,0.0483715317526207,0.000315474723382748,0.490634373952248,"TCGA-EE-A182",0,"",674.804580698317,1121.48827719447,0.677407487086153,2.55484698073344e-14,0.73280542219058,1.43911412782291e-17,0.639618512936147,112.976566576464,0.667154528770026,0.563232892268232
0.00266459686739689,0.0749016099757116,0.010424615743328,9.04859701369269e-08,0.0266856354711607,0.0252736113885223,0.00308573403502641,0.856964106032884,"TCGA-BF-AAP4",0,"",92.3888853823451,223.679531046913,0.713720281927204,0,0.861009325428349,1.20296756724146e-29,0.788657650761172,19.4645819004408,0.821784814492207,0.195046730012439
0.0039500785635102,0.0200790066711985,0.0359041255558152,0.00547445860802154,0.0198759407228479,0.0154362918575947,0.000324812989170589,0.898955285031841,"TCGA-BF-AAP2",0,"",39.3991420439842,80.0392428326041,0.643146433831264,0,0.82205291661416,5.75938555374532e-25,0.709474873639362,5.78227026074609,0.746575821622508,0.134703470816036
0.0423124992685502,0.569641468006834,0.021754032140919,0.00444139653050434,0.165732841219226,0.0265831146006375,0.000382825878120659,0.169151822355209,"TCGA-EE-A2A0",0,"",650.05058806657,1583.96924890416,0.659425625920471,0,0.907387808707356,1.55159093076351e-37,0.783559327987737,54.1368749840255,0.795085338126778,0.841566692160646
0.00607577622208913,0.0495401009510998,0.0372654416281777,0.00108497101999371,0.045396838428828,0.0246163583998453,4.43243734548744e-09,0.836020508917529,"TCGA-EE-A2GS",0,"",102.355344360922,177.63561750758,0.670629076372817,0,0.741935568914828,3.50022894802152e-18,0.582184346431123,18.1876240973503,0.625459700919885,0.213017323035895
0.000589606727190188,0.0475335936335854,0.0193609895029668,1.54762152362417e-05,0.0198386447840108,0.0104015686879434,2.53121354967284e-09,0.902260117917854,"TCGA-BF-A5EP",0,"",71.1474444728037,147.482266410488,0.640999931381288,1.52588457383074e-12,0.811624707936396,6.64000465294696e-24,0.721487465822675,9.72186574729088,0.748614317067578,0.120847045720563
0.00266976667271964,0.0366787912754977,0.0177299677859025,0.0166220317151109,0.0139958898512037,0.0072416777104107,2.94468013968939e-05,0.905032428187758,"TCGA-XV-A9W2",0,"",73.8776943442917,124.347519527342,0.559593940669051,4.21765672661508e-09,0.699790667776811,1.52704076467402e-15,0.520211123502184,10.2965415128012,0.551375132769044,0.1110228605771
0.000813063743970585,0.152342346732525,0.0150270260797237,2.41114403503854e-07,0.0256862063046442,0.0233502815236355,9.87478095430612e-05,0.782682086691555,"TCGA-EB-A3Y6",0,"",168.29176016426,428.943089127249,0.727382705659583,0,0.883780941762671,4.25561852321413e-33,0.855241597186366,23.8802171519791,0.876236037832308,0.261169406836178
0.00155139241488731,0.00319932620087254,0.011136584113069,0.00350297011658488,0.0315769206666331,0.00303753939496978,1.68560349180347e-09,0.94599526540738,"TCGA-DA-A960",0,"",22.8567614390438,27.542308012918,0.517574122634403,5.67606172010053e-08,0.515956692740847,6.34399276977916e-08,0.309372813079989,3.80042525879449,0.395467815763732,0.0611151154425029
0.00444261066514449,0.0696192412897457,0.0486880464937358,0.0210390727900647,0.0481402409432371,0.0157570724628135,7.79285485981044e-07,0.792312936069773,"TCGA-EE-A29G",0,"",120.290184332605,222.91038627482,0.633060698506206,0,0.714161443633939,2.17336369966272e-16,0.505141923454838,19.7954110789729,0.536927933878555,0.237681183742367
0.0151154357913529,0.0199766211612451,0.0252716643401518,4.61522631270281e-07,0.0174743059897548,0.0355654483621982,9.02821530901082e-05,0.886505780679576,"TCGA-D3-A51E",0,"",89.2941494822735,142.480519537675,0.545668525142016,1.28587763470782e-08,0.739760798875895,4.92800673611472e-18,0.530315312022373,16.6628982120349,0.568166814058857,0.187007044022107
0.296835913508429,0.0291208376311347,0.158839226037526,1.75494688859164e-07,0.0465387191505616,0.0318087891030095,6.67222566522505e-10,0.436856338407428,"TCGA-FW-A5DY",0,"",121.032360836813,217.646234506724,0.707802966547444,0,0.776378687917921,9.41399533399098e-21,0.591559796020818,21.5734564572701,0.648559515832438,0.595638879166982
0.000957200756882508,0.0509234644724319,0.0179365338659272,0.00397838040972246,0.0272355225429461,0.00717564765790231,1.67795467073573e-08,0.891793233514641,"TCGA-EB-A431",0,"",49.7658695723224,145.912457998529,0.667972859246792,0,0.902732030319061,1.42682518975043e-36,0.867238438200755,8.0932921685177,0.888760285773962,0.124002385254115
4.30478662881554e-07,0.207040570616795,0.0177343698000669,6.85467808766722e-07,0.05380123039244,0.0660587831802521,0.00168036269842488,0.65368356736555,"TCGA-FS-A1ZM",0,"",226.659895433947,557.469391069861,0.776978937579603,8.41340248313068e-21,0.867718417718729,1.350863719827e-30,0.80944378906869,39.9611703719104,0.838026962671141,0.440501022059656
0.0152229597634157,0.230097578180485,5.56092245066352e-06,7.28024701314576e-07,0.0448326240766592,0.179654926529253,0.0151378225722625,0.515047799930773,"TCGA-WE-AAA4",0,"",387.076877876023,686.363416745131,0.650852093414685,0,0.770468704288471,2.79479009563851e-20,0.611714557252427,88.8273305951231,0.651968420048438,0.647106648629071
0.000280657719038894,0.0358838506920688,0.0173137289732256,0.0040667779052987,0.0173459398749313,0.0057931425798875,4.37742749941816e-10,0.919315901817806,"TCGA-D3-A5GL",0,"",54.268775872112,111.469109819207,0.575995203895005,6.71251026509611e-10,0.841053814102229,4.31833722457842e-27,0.798707843378934,6.03818380345051,0.822684106087781,0.093833727988603
0.0341426300780848,0.133664577091445,0.0244316532235838,4.92830398240837e-05,0.0224479135573211,0.102491625130443,3.12870070427742e-06,0.682769189178594,"TCGA-ER-A19N",1,"",235.552780718641,445.757102299177,0.720360824742268,0,0.790437857559922,6.15661906444655e-22,0.632681110220535,43.3625062934055,0.670004350337706,0.458589884966148
0.000121485280070645,0.00930197500684641,0.0249216764106609,0.00285976424391152,0.0245576996630785,0.0166103791297676,1.99915390187046e-09,0.921627018266511,"TCGA-GF-A769",0,"",43.4158704043983,69.7864037023511,0.604618440874079,5.45049781803654e-11,0.7487254361866,1.17625750660845e-18,0.611942830663003,5.57640707219861,0.651192732160823,0.115527007976597
0.0406485084638726,0.0269875401859579,0.0305240297403673,0.00252138101984205,0.0285511149395965,0.0359223410360569,0.0002038036942057,0.834641280920101,"TCGA-EE-A2GI",0,"",96.0016024713775,155.321469627121,0.588536187670945,0,0.73672378299483,7.90130501823992e-18,0.534283921311332,20.1531005154571,0.581374610138272,0.235222850044866
0.048038037095648,0.0191742349681399,0.0382897100413604,0.0021214754230215,0.0358817277819022,0.0194139183751218,0.000296617733607588,0.836784278581199,"TCGA-3N-A9WD",0,"",52.0148169868629,94.8718780433096,0.66003050704818,0,0.755626279783827,3.74487842753054e-19,0.634030169977471,9.15022296597394,0.690408265603525,0.202472163753675
0.0766540944469573,0.0420995434192048,0.0472925336453195,8.27949638321016e-08,0.0319908010896721,0.0234676180283001,9.74117496761104e-08,0.778495229163833,"TCGA-EE-A3AA",0,"",75.1671354194739,152.373106128686,0.582829265726909,2.09810106857639e-10,0.804750238347376,3.06713304362334e-23,0.660985885660172,16.670244478324,0.712923310636908,0.265264218151354
0.00941309710399786,0.00878409132524827,0.0212830595986142,0.00356562016511012,0.011129052128021,0.00908040298098745,7.31153539985238e-10,0.936744675966868,"TCGA-D9-A6EC",0,"",23.8705559964663,43.3906078360827,0.510651167683568,1.41333046443883e-07,0.786823319385907,1.26577623357167e-21,0.673428971183086,4.72944696738502,0.72790853928817,0.0842134790757724
0.00394045452443556,0.0323875068100473,0.0354553699235692,2.69855294136996e-07,0.0668889674088056,0.102980893241345,6.29384948550323e-05,0.758283599741648,"TCGA-EE-A2GJ",0,"",182.54908884569,315.446606343564,0.579042183883863,4.72140560367409e-10,0.781188907126781,3.78775620554774e-21,0.618767633081546,30.7966364212613,0.649771372163716,0.399186505982391
3.18185886760672e-05,0.0889330398997681,0.0236205664493036,0.00507793219405435,0.029450932079569,0.0110706674172442,4.35894232713189e-09,0.841815039012442,"TCGA-GN-A4U9",0,"",96.7488719854095,255.40733391809,0.530480749000631,3.81443191453792e-08,0.870891528817668,4.60485194419628e-31,0.84699554970127,15.9430842587997,0.870071485982824,0.181014092400999
0.00149299971424249,0.0629842254297186,0.0164502944114337,0.000799785179959758,0.0239419696956835,0.0189822815069542,0.00027470237869928,0.875073741683309,"TCGA-EB-A5VU",0,"",63.3221547153398,183.01897756888,0.627458973280034,0,0.895992874144149,2.92602540558799e-35,0.856155638609098,10.9622152411543,0.881468050799892,0.165174850224588
0.035951919182179,0.00318790199781519,0.0192925483069225,0.00353778965073466,0.0244361986722761,0.0155126375670422,5.41231352389572e-09,0.898080999210717,"TCGA-ER-A2NF",0,"",48.2745531713075,69.3738393547433,0.537397433200084,2.35186217586709e-08,0.697362883736823,2.09879135114164e-15,0.471312049693665,8.88514967097671,0.518548944730905,0.135971701594076
1.66275877267897e-07,0.0173686065530517,0.0177185472837602,9.4134408051711e-05,0.0500617354336017,0.0378069567260774,1.15985815623064e-06,0.876948693461424,"TCGA-FS-A1ZU",0,"",205.090424783816,234.459836565644,0.679658888795915,1.94615807958208e-14,0.421390243019045,1.72074981617813e-05,0.188425910676306,26.4571866673641,0.217268488050486,0.199978418536585
0.00106021810817926,0.0846056229273017,0.0255091605481181,0.00886972464410051,0.0216427135241003,0.00824576304183097,3.47593330099863e-08,0.850066762447036,"TCGA-GN-A263",0,"",92.7196980546092,243.854847536223,0.699054212653067,1.6822622036824e-15,0.896066480644947,2.83426030154897e-35,0.810524412954309,9.1085420672576,0.824514881939892,0.16709944107918
0.00532250885624897,0.176553509449418,0.0516133563319214,0.0109916154196485,0.0635483456772306,0.036612360397797,0.0014725337532243,0.653885770114511,"TCGA-ER-A193",0,"",179.384846016173,483.526685561026,0.711642646749421,0,0.889556539603974,4.34344081409119e-34,0.852030550502224,24.9328903378852,0.873697721833825,0.401609403382435
0.00638575416755222,0.00895489945373209,0.0446635813828729,0.0378963389766677,0.021713948467715,0.0106597301454442,6.5333277313785e-10,0.869725746752683,"TCGA-GN-A4U4",0,"",114.502733889429,121.850255159143,0.3947243845992,7.22116048312162e-05,0.261142265486062,0.00977730373233215,0.0809904347524503,14.0646910186925,0.11973158186016,0.152484644228636
0.000578395509352571,0.0228517565539595,0.0394106679071914,0.00381991410833522,0.0384671212308744,0.0205380362478817,1.46473464798228e-08,0.874334093795059,"TCGA-EB-A3XF",0,"",63.0013541322292,105.370382320898,0.656883339747329,2.74526790195015e-13,0.7485427361898,1.21183373190685e-18,0.571093333373962,10.3398348418172,0.616471778172003,0.168753567086408
0.000666689935717315,0.023376342332097,0.0224816487544205,0.0073365824370323,0.0174684153521385,0.0093057716668819,1.29079953777999e-09,0.919364548230913,"TCGA-GN-A268",0,"",37.7079915384454,77.7160283989791,0.460815737483218,2.0366959961236e-06,0.820386589211392,8.60262759873181e-25,0.724660702017972,6.56147229346875,0.762995504694328,0.101626189511106
0.0177818134576181,0.0160975894844464,0.0374741629923249,4.17030077658125e-06,0.0159838413295109,0.0495635039775711,3.15493780807686e-08,0.863094886908374,"TCGA-EE-A2MN",0,"",113.955788482253,179.931046053448,0.566418577740375,2.25308246502964e-09,0.745792835366553,1.89185264140004e-18,0.534865440859516,18.9522986513665,0.566512440865477,0.233457817440296
3.32884490115133e-08,0.0191920660317387,0.0238857418960439,4.08998377162014e-08,0.0430024204155584,0.0445406150374465,2.17936422263808e-06,0.869376903066703,"TCGA-DA-A1I8",0,"",87.3027334313249,157.039043775183,0.664360955107085,1.18095840134623e-13,0.782153871629511,3.14673718033599e-21,0.701271641659233,15.4137568158601,0.740162590377367,0.219062415264837
0.0305328800086424,0.00985411776936944,0.0430262331381666,0.0102637450938991,0.0287781806374334,0.0178392334941614,0.00534895766390819,0.85435665219442,"TCGA-EE-A29M",0,"",60.7879463149442,87.0231241484966,0.570021565327162,1.55555474901715e-09,0.678847413424351,2.14732018858629e-14,0.464803715354374,11.2788858000691,0.527020789951969,0.182812628960108
0.00149936827707605,0.00101234953701448,0.0338115131929927,0.0122355822702992,0.0103657247852065,0.00607252739182827,5.80393140409754e-10,0.93500293396519,"TCGA-EE-A20C",0,"",23.6100909595895,30.7121510516676,0.413969268622227,2.49802527738198e-05,0.565149966650347,1.63391865574149e-09,0.381868507760561,3.73253683794375,0.442601649786634,0.0787534009617327
0.0374139395235435,0.0313299404303205,0.0260169043569109,2.39904858087028e-06,0.0232397821322882,0.107179233341627,0.00220107665373076,0.772616724512998,"TCGA-D3-A8GJ",0,"",210.603471486,337.64171300705,0.544734904270987,1.37886064600541e-08,0.755233453573426,4.00104533779455e-19,0.543397850781287,36.1229219303426,0.5727348763017,0.393195702919099
0.0812108678568376,0.213954144307052,0.011755465089178,9.80536318505157e-09,0.0806886678600291,0.0280875198396669,0.00594426977467062,0.578359055467203,"TCGA-D3-A8GB",0,"",146.777763685356,566.383728224119,0.758139596044603,0,0.957724539404767,3.37045476960224e-53,0.956602204253089,15.0235958590474,0.968187458311994,0.460670770843298
4.21336912831092e-08,0.130421510981152,1.58077066410968e-05,0.0319746565564193,0.0470207919272165,0.00477463925867127,0.00137102898506432,0.784421522451144,"TCGA-EB-A5SF",0,"",246.745531132465,427.168133912429,0.707214135947549,5.66013971118403e-16,0.76147958845579,1.37638669741233e-19,0.678514366338029,34.2017134000629,0.70260729345623,0.224820479367365
2.96716626007207e-06,0.048241418183509,0.0526475078769017,0.0100108822840116,0.0434621362023404,0.0325869402879888,0.00356257509458654,0.809485572904402,"TCGA-D9-A4Z5",0,"",203.385286516023,254.143074757496,0.595803294643758,1.21259448533215e-10,0.497145818669133,2.21958844876885e-07,0.292074816072991,30.498562898104,0.341212804628156,0.252321230458954
0.0103368124843967,0.0161977510556085,0.0179763405352529,0.00541074881299564,0.0157566795812471,0.00326784681912156,2.99911914016351e-10,0.931053820411466,"TCGA-D3-A2JE",0,"",27.8225762062003,53.1060761518282,0.512349149057145,8.11384875224282e-08,0.800604809994793,7.49661455986513e-23,0.726907073016974,3.44133779930374,0.761780567487166,0.0764183648556401
6.81936804241461e-05,0.0272372207850283,0.0171466207447477,0.0126223390514477,0.0195095322229802,0.00173175335427306,3.98162657138694e-10,0.921684339762936,"TCGA-EB-A5FP",0,"",35.4174829440475,81.9111008787778,0.581027148534451,4.39337552657889e-10,0.861980607194888,8.82831266249438e-30,0.782208945972724,2.24076247920949,0.794401716528166,0.0820400848610784
2.94336630041976e-07,0.180285824993631,0.0218688669905643,6.09678401508848e-08,0.0348299634203238,0.0499151283267105,6.96831685065048e-08,0.713099791281132,"TCGA-EE-A3JB",0,"",156.309065228009,479.340801865838,0.736587418472544,0,0.904132058748202,7.40979874542943e-37,0.859808828256529,29.8268770710558,0.883956001360359,0.367242247145351
0.00652659962312003,0.0354702042285887,0.0606138979334758,0.0141617081064763,0.0668668784452052,0.0249739737452797,4.34383733433499e-08,0.791386694479481,"TCGA-DA-A1I2",0,"",112.907052219514,162.697095514749,0.619135282979171,0,0.703999854924455,8.73147767331649e-16,0.563026440485663,15.3437342872939,0.618465520535114,0.255366926689587
0.00201771014367535,0.0108375897355972,0.0127274130232426,7.28202937881023e-06,0.024928025999468,0.00783199905059297,2.38781519254572e-09,0.94164997763023,"TCGA-DA-A95Y",1,"",25.2666631588903,45.4663909381598,0.578411003576688,5.24785229380445e-10,0.760345918199495,1.67455805080367e-19,0.593445346994208,5.02149974564235,0.644153045277891,0.0766499164350007
0.0150081107609032,0.00848818085579396,0.0222857922388565,1.88487340089923e-07,0.0285573922752442,0.0584124806407771,0.000751744723975905,0.866496110017109,"TCGA-D3-A51N",0,"",95.3033929128155,182.50133588634,0.628418893330528,0,0.81156298541796,6.73372981133301e-24,0.727663138544071,14.2750371226977,0.754882493028742,0.245712088923108
0.0115321617574884,0.0458995916659787,0.0320889680852414,1.03829833797597e-07,0.0186728281651537,0.0382635668465545,0.00113095374220373,0.852411825907546,"TCGA-D9-A149",0,"",118.345189556956,195.213930662995,0.675165684830633,0,0.748560187624524,1.20839086218075e-18,0.546601806910254,22.949237708059,0.587728637515635,0.223178255770723
0.00314444894903149,0.0409272337049112,0.0197621685232258,0.00620922707672276,0.0273745641880583,0.00444706066742791,2.90082432471015e-10,0.89813529660054,"TCGA-FS-A1ZK",0,"",46.1470233367112,119.963138928525,0.581303298997153,4.29145937078886e-10,0.886769842782066,1.32667800628987e-33,0.861303547156862,4.88019795466701,0.879166897024333,0.111668752309652
0.0149778752593846,0.0317805883771675,0.0239717104303642,0.0376149394010023,0.0411416336462073,0.082203786398268,0.00307147249796279,0.765237993989644,"TCGA-D3-A2JH",0,"",219.257319946501,309.620081315126,0.700570692194403,0,0.690827412701586,4.86465842697011e-15,0.433449573419319,38.1972377188076,0.46462821210697,0.367133815427548
0.00398291240832974,0.0523981748656785,0.026203916879144,6.38755217386972e-08,0.0743245080274979,0.110155102708713,2.92972490856808e-08,0.732935291937866,"TCGA-EE-A3AB",0,"",165.321983197321,328.297043098661,0.702779823269514,0,0.832881343943483,3.81911568708457e-26,0.695606838719389,27.3800900020498,0.725949694916186,0.427612008971869
0.0116577004369486,0.0388400755491748,0.0231021583930537,0.00104662070838747,0.0407724718694455,0.0180010995876494,3.9508231121343e-09,0.866579869504517,"TCGA-FS-A1ZA",0,"",57.4846048450503,127.757315886926,0.629707553124342,0,0.842897946308317,2.5959945840833e-27,0.747995393947818,10.8396922949057,0.787140313901498,0.171245836861943
0.00146859057587219,0.104865874513905,0.0444711823026215,0.0127510837857393,0.0379420433800715,0.00409421786338876,3.90284789101216e-09,0.794407003675554,"TCGA-D3-A1Q5",0,"",122.768812891589,306.875804086209,0.539001683147486,2.0969881011276e-08,0.894291657709,6.07095982643679e-35,0.884365812887272,6.29692811756321,0.893204129247144,0.213267858581137
0.193528537093027,0.111577825587918,0.0258397158773293,1.26380867180497e-07,0.093705292524774,0.14562291922711,0.00224263464257934,0.427482948666395,"TCGA-EE-A3JH",0,"",298.072008095199,496.241373289322,0.661937197559436,0,0.755618467740478,3.74981388257096e-19,0.543244701848624,63.6002073559962,0.58741961368085,0.688395997979364
0.000445680660501115,0.0294852650726608,0.0264227722377638,0.00812050074440787,0.0221661917199944,0.0137099460745345,1.9449305058762e-09,0.899649641545207,"TCGA-EE-A3J7",0,"",49.9352583610159,100.649848850849,0.632587313275826,0,0.806079090998461,2.29267732223208e-23,0.671462621717577,10.0277499916683,0.712173480435609,0.130381684474687
0.000974420863761401,0.0439218470056329,0.0257820377809765,0.0042690319326107,0.0227166527905357,0.0121840688378359,1.79185276182624e-09,0.890151938996794,"TCGA-EE-A3J4",0,"",52.152658908769,131.709451183877,0.699908938795528,1.50344259748376e-15,0.887298169904124,1.0759942630942e-33,0.838272876383366,7.78972602438814,0.864324408492142,0.136362154380197
0.00169076328150819,0.156052736854625,0.0159774585756351,2.50558500156958e-07,0.068417061242137,0.0305029975760697,2.25713248310627e-06,0.727356474779042,"TCGA-FS-A1YX",1,"",148.429917649922,427.770690322371,0.749513465179886,0,0.897773276959688,1.34466436917951e-35,0.876387143090422,25.2484093534552,0.899743088007144,0.325001407545517
0.0021988558266203,0.023345752271182,0.0154457096106032,6.83254764932569e-07,0.012762841001115,0.015239762464654,0.00017817074175961,0.930828224829301,"TCGA-BF-A1PZ",0,"",84.9625932841595,113.669432257848,0.633757626762045,0,0.567884621296364,1.30956873708782e-09,0.346520380174131,14.3054767074144,0.387657112944253,0.103841660866266
0.00162913673768689,0.0302928193336913,0.0163440762766398,6.5767067967642e-09,0.0518238556064592,0.0359961101053695,4.12993854348979e-07,0.863913582369592,"TCGA-FS-A4F2",0,"",68.81296405404,143.563926947224,0.69965942120794,1.5536479454308e-15,0.822290312993643,5.43754542565579e-25,0.745565534385757,14.0594332647146,0.788517365574557,0.208554719392681
0.000875330379614714,0.149931970440387,0.0504396592860579,2.67810898014014e-06,0.0552230740993199,0.00149483061303834,5.86384165646542e-06,0.742026593230945,"TCGA-XV-A9VZ",0,"",1734.74929677649,1781.13140611804,0.662734887692577,1.42163300674377e-13,0.224139053973202,0.0273100191635537,0.0306962487797348,70.8030445547234,0.0348980096817631,0.260347024931425
0.0386051574934224,0.0137406302782883,0.0404397409025791,0.00687079111044849,0.0217695700960386,0.0177855852564163,2.47309956028236e-10,0.860788524615497,"TCGA-EE-A2A2",0,"",63.3954893682448,91.612341035853,0.568193772354302,1.88550903427168e-09,0.669090850768712,6.83996980263181e-14,0.458714776013681,11.046071447957,0.517946933435681,0.176217554849924
0.0820536674498852,0.00390140805824483,0.00922106887752691,1.40827066178945e-07,0.0156269484530639,0.0689519515160006,0.0053349184484068,0.814909896369806,"TCGA-D3-A8GS",0,"",160.863677586764,242.342356618497,0.567983378918578,1.92653477024107e-09,0.710819184764268,3.45653465865381e-16,0.495581165734913,23.1208264532138,0.523674008900233,0.307346401628807
0.127366545959535,0.0697455685402244,0.00382310124653947,1.00879420480041e-06,0.114478113495312,0.0250381880777251,0.000842535638058469,0.6587049382484,"TCGA-EE-A183",1,"",109.568143406348,230.123990772692,0.594137912897118,0,0.824058373775212,3.53373885632957e-25,0.729284062939573,25.038911250795,0.783637452647779,0.381131229438381
0.00139688881972434,0.00674700658133638,0.0389111242535537,1.63476084248318e-07,0.0357219262805606,0.045361027309546,6.03052321434054e-09,0.871861857248671,"TCGA-EE-A2M6",0,"",81.1456578581549,148.70840136874,0.61298127498422,0,0.797055986305145,1.58474889078869e-22,0.676574345356644,9.78785892253732,0.701024404876759,0.218176047121855
0.026183395487801,0.118945718474586,0.0315880400627452,0.00742691040578453,0.0375588550324516,0.0313167335558161,2.15991837508921e-09,0.746980344820897,"TCGA-EB-A44R",0,"",130.302001948365,337.409549414937,0.612056240983481,2.72292745821276e-11,0.875320275971175,9.76783481534302e-32,0.824158000727953,26.8468898048231,0.855016454944012,0.308007399670712
0.0304107781357981,0.0413445390710823,0.0611103981728835,0.00581713913355068,0.0222245229481794,0.0335858343099777,0.000918296930084214,0.804588491298444,"TCGA-Z2-A8RT",0,"",114.269951186221,181.402047506412,0.672259625499684,0,0.70024904522797,1.43753426933945e-15,0.514510327869518,20.1029662286355,0.563500668053225,0.258457261519252
0.00479979917677196,0.0531706594872817,0.0461896330048362,0.0290575421060046,0.0424075634225916,0.0111620965125263,1.54965557664931e-09,0.813212704740332,"TCGA-EB-A4XL",0,"",82.0757983192363,166.364748306608,0.584841152956028,1.02444925428081e-10,0.81825285154767,1.42940163550205e-24,0.705137281757815,6.30409000562054,0.724454660733747,0.208604808126188
0.00473434103469894,0.0812530348780708,0.0504904473853847,0.0121307885894068,0.0275629957320162,0.00444221767421218,1.56230794303108e-09,0.819386173143902,"TCGA-ER-A196",0,"",120.682122691113,249.258730220197,0.598301050717764,9.69136997400133e-11,0.841613044107465,3.70333613950256e-27,0.799197747469091,14.9148724213832,0.821522449402113,0.189200754804947
0.0116799397528233,0.0957201188803164,0.0300808623067539,0.00262493874889406,0.0338752513038264,0.0169288236091333,1.43696226480738e-09,0.80909006396129,"TCGA-D3-A5GN",0,"",79.1426123019194,265.409482725708,0.683449926362297,0,0.925003533600169,1.04706956406155e-41,0.898904015134058,12.6943053962011,0.918244590260722,0.224122030056463
0.0772262055629174,0.230408659020512,0.0254996918981615,0.0296819700436941,0.0875639926806263,0.0554096003560045,1.59890383929373e-08,0.494209864449045,"TCGA-EE-A3JE",0,"",183.159510401576,596.140107529462,0.725239322533137,0,0.919217691082167,3.11618353301187e-40,0.861768594425068,21.7436373849621,0.878047716164245,0.56681916330685
0.00153715002783215,0.0601757107117447,0.034762583311868,3.09711579529285e-07,0.0309608476932018,0.0243322111036176,1.1812421890415e-05,0.848219375018266,"TCGA-EE-A2M5",0,"",81.5215696290492,187.288364306666,0.571073532505786,1.3857005191751e-09,0.846521010604646,9.36904923743493e-28,0.761315561442443,18.4417028120073,0.798957746730321,0.201008842719487
7.30580239279702e-06,0.999745123494252,1.36631955710815e-06,8.37848789863383e-07,6.05058110912556e-05,3.55563427547781e-07,0.000184272460079394,2.32700409894929e-07,"TCGA-W3-A828",10,"",6017.72496485867,8183.59346806085,0.529376183463076,4.11455892935002e-08,0.809625911724348,1.04272253960113e-23,0.292662039101304,259.780707838321,0.299883431753192,0.999999767304047
0.000978044250732082,0.14925139833812,0.0308215744185791,3.51602746903385e-08,0.0381889208808298,0.0221209376913984,0.0184124052643596,0.740226683995706,"TCGA-FS-A1ZD",0,"",151.916038061779,417.355703571157,0.670471281296024,0,0.889652790323081,4.17689007314126e-34,0.867028171580158,27.8208688822992,0.892141605602853,0.300249112370796
0.0143077848651165,0.0135841836654917,0.0412300114631974,0.0116750327944938,0.0237115084330503,0.0109905781005319,6.89427680666489e-11,0.884500900609176,"TCGA-GN-A26D",0,"",65.5417198866426,82.419852933122,0.507429518199032,1.7333116945692e-07,0.600539282622517,7.91503896541241e-11,0.414736508862609,9.1283872227114,0.48492980711305,0.139119385723016
0.0227040945201328,0.0105779297787941,0.0322310807734552,5.63344870017985e-06,0.0245974946306401,0.058191086368598,2.33167852282646e-09,0.851692678148001,"TCGA-DA-A1HV",0,"",123.663664299151,199.00990122235,0.620187250157795,0,0.753895769593878,5.00751572728371e-19,0.547697790179878,20.102961216914,0.575884557838429,0.25812878444889
0.0121196501470504,0.0337718507066377,0.0262603801387317,0.00431004594726468,0.046781585277512,0.00513471635155928,9.20642241309669e-09,0.871621762224822,"TCGA-EB-A5KH",0,"",114.122520943508,146.932537513061,0.594955143317777,1.30790427743427e-10,0.652383409560766,4.50941793672418e-13,0.515434368381659,12.1126219744897,0.559184789878303,0.13936852442102
0.0122947985627089,0.0181982100405276,0.050447372952737,0.0179345458946953,0.0246263492082639,0.0123644368899154,0.000406717334455324,0.863727569116697,"TCGA-BF-A3DM",0,"",73.1675007968364,95.7280150369888,0.388496587670182,8.41461894075423e-05,0.496746430035435,2.27756149451682e-07,0.299602277778846,14.3499827237938,0.365769600238824,0.162068821618283
0.122630862417535,0.218120163837162,0.022882087251851,9.86347399480661e-08,0.0241534612799732,0.0367899869576255,0.000483120460896304,0.574940219160217,"TCGA-EB-A4IS",0,"",222.630914991305,594.69870737432,0.671773090679571,0,0.892033088389366,1.5697631941573e-34,0.863868023206836,42.7863513358472,0.891075659869468,0.474480402098484
0.0012521106690644,0.0419239326070518,0.0238751769096916,0.00869920469501081,0.0229232443128346,0.00478843258492497,4.47563485641363e-09,0.896537893745787,"TCGA-EE-A2GR",0,"",66.9002486825269,131.471570014365,0.551027653998487,4.96463515542011e-09,0.802553023966676,4.93857405519947e-23,0.711668219677459,8.95708455763827,0.738112056037129,0.113935241919198
0.0320580016623737,0.0994694195239293,0.0288369264322135,0.0195997110655467,0.0581495623450909,0.00885462268918187,0.000370795191055907,0.752660961090608,"TCGA-EB-A44N",0,"",99.6678345973225,283.54999425443,0.603855459709657,0,0.905046435241943,4.80375782453957e-37,0.859911438445095,8.47368919284446,0.873008747087406,0.263652187255717
0.121155126390484,0.0554764602733899,0.248963290879002,2.61237804453731e-05,0.0676296104984858,0.0526772188455576,1.94150898113164e-08,0.454072149917545,"TCGA-FR-A8YE",1,"",98.6824281969554,225.959274105087,0.726172943404166,0,0.841660022073759,3.65574830849943e-27,0.763841918626896,17.9579396790484,0.811223355391455,0.598795023175476
0.00291409107667574,0.0101818044776406,0.0180706173897072,0.00744720431601114,0.0109571947082271,0.000768648184382118,3.00501991926988e-10,0.949660439546854,"TCGA-EE-A29L",0,"",25.3509756656045,37.8154057113818,0.398383899502919,5.31355678315885e-05,0.720083216713811,9.39641299256957e-17,0.592176606449721,2.96266680280255,0.630440619959362,0.0519178581611505
0.0409225209618992,0.0124241647858972,0.0465680603434207,0.000927181166383649,0.0186896412653734,0.00887159261489379,6.19731966256279e-10,0.8715968382424,"TCGA-WE-AAA0",0,"",33.4811784314091,58.2924707263088,0.637794550810015,0,0.756942249626333,2.99762073052226e-19,0.617541328827609,6.44595677109356,0.686317431308995,0.147338586234731
0.000404718718359588,0.0912831745161498,0.00198214122447365,6.63387291577379e-09,0.0382418923737762,0.00534142353626303,1.28469039597164e-05,0.862733796093145,"TCGA-BF-A5ER",0,"",143.100618836665,282.930924672213,0.687929096018489,7.01287251945805e-15,0.810971197534651,7.70028438388253e-24,0.763285492621945,23.7104798212251,0.787815283684082,0.148837245358342
0.035486344141455,0.0640183628823772,0.0650154731507257,1.22905245265977e-07,0.0504958695976699,0.0555098498430363,0.00623122764480444,0.723242749834686,"TCGA-D3-A2J8",0,"",141.408089964199,256.035243804923,0.627472122869766,0,0.767792744135559,4.52600857392246e-20,0.594022369495806,32.6194791778853,0.642311018922045,0.366395361965145
0.00280019890095501,0.104473861295098,0.029904503986796,0.00512153856239122,0.0480289037372769,0.0116375592735703,5.28460429642376e-09,0.798033428959308,"TCGA-FS-A4FC",0,"",98.5941881021559,293.883210961862,0.69252314327793,0,0.915762179236463,2.09946851964289e-39,0.863928771001252,9.65250191458779,0.877134947119653,0.224649471979828
2.52185625651328e-05,0.059897743386902,0.0252880255277657,0.00743427449737056,0.0232899357133249,0.00884112598833148,4.04692993955547e-09,0.87522367227681,"TCGA-FS-A1ZC",0,"",82.7755343319652,180.873351110428,0.527571663250106,2.81678365802236e-08,0.870651750847822,4.9999341895677e-31,0.842320480452026,9.00499679908243,0.863699674822687,0.14373695742585
0.00897101084292496,0.0249571632850208,0.025440773885672,0.00216885406984891,0.0504387074534492,0.0177496562729321,2.88198702949887e-09,0.870273831308165,"TCGA-FS-A1ZQ",0,"",49.3533793253519,97.5786585682136,0.565997790868925,2.34766676114658e-09,0.798762987278438,1.10763918280265e-22,0.689461733768312,10.50381293791,0.741716670105381,0.167160985363679
0.0410014716951846,0.0367592233038012,0.0598545601125264,0.0117549190329618,0.027237918275068,0.183529544373407,0.00861553495928219,0.631246828247769,"TCGA-DA-A3F8",0,"",394.855610537594,551.514939884996,0.647143909110036,0,0.690584323770759,5.01702430141812e-15,0.432802612124453,61.4184133780636,0.457429216921897,0.569987861093628
0.00716741583274493,0.282294682125662,0.00733858922718026,1.17066350119114e-07,0.0510614723820496,0.0182381017734618,0.000141362358522285,0.633758259234029,"TCGA-EE-A3J3",0,"",229.376222561375,766.066563891213,0.736245529139491,0,0.926405380280953,4.41672947838234e-42,0.92803825738374,40.5074285333109,0.945467581677625,0.394369360386912
0.0552936681407465,0.451258543868111,0.000956697212753407,1.34694885426672e-06,0.221644260472503,0.0313662469446738,0.00160564110722763,0.23787359530513,"TCGA-D3-A3BZ",0,"",365.541055147532,1191.56975831804,0.740229854828529,0,0.93474086120601,1.7809276415141e-44,0.937827950849376,52.4516159279001,0.954269799550173,0.779812156524569
0.0138689648778386,0.056791579883551,0.0529311783129633,0.0152401426697571,0.028671136685634,0.0299615588578038,4.25976211895159e-09,0.80253543445269,"TCGA-D9-A3Z4",0,"",100.19956060025,194.562175424738,0.637544708605091,0,0.80085471637714,7.1076462296815e-23,0.689983813653173,12.4142920556563,0.722738618158701,0.2538783975708
0.0116125845586803,0.00735125080106649,0.0434322414365148,0.0170595650240573,0.0203005660084294,0.0376092032909384,3.17747790924466e-09,0.862634585702835,"TCGA-EE-A3AC",0,"",115.586379714284,157.065775017916,0.563591415947822,2.94952922883098e-09,0.677950591948881,2.39304155447985e-14,0.427866667220054,15.914281500351,0.458109576688403,0.212339945718397
0.0848043281499022,0.0153089147585764,0.0337960199958919,8.52672099302544e-08,0.0451426714169721,0.0351609351919139,0.000722442601500905,0.785064602618032,"TCGA-EE-A2MH",0,"",101.528576652212,151.827608111149,0.564314643383126,2.75720643418777e-09,0.681115245974157,1.62992502416744e-14,0.458063090400962,19.8832822161088,0.50972927867016,0.27951294709649
1.98857829128089e-06,0.357577672196285,7.44915102450146e-07,7.98901246868881e-07,0.0624430382227913,0.0124621441339713,0.000402154214569179,0.567111458837742,"TCGA-D3-A8GI",0,"",619.042555701991,1122.86189116915,0.762910460205512,1.07294770855656e-19,0.784475344969108,2.00658452787142e-21,0.719029074831257,96.6306200062598,0.740842118762499,0.450369968467469
0.022145997290542,0.0196399960692376,0.0383915943712108,9.97107858724735e-08,0.00943771469945027,0.0803979928931863,1.71429344397882e-07,0.829986433536243,"TCGA-EB-A44Q",0,"",205.772887036527,291.879667595844,0.608563012833999,0,0.691854105597305,4.26911592823842e-15,0.452068653557506,29.4519912209804,0.479146472941083,0.310964343395589
0.00200834017408104,0.082203280797123,0.0307993806875354,0.00670277472385715,0.0426297868985473,0.0136308230632639,1.25346016907206e-08,0.82202560112099,"TCGA-D3-A3C6",0,"",106.047619434713,243.278180894333,0.69504357459998,2.83557653339688e-15,0.878534642413245,3.053272377397e-32,0.841478109959479,11.0245577348486,0.86151190904138,0.205237131073641
0.00309745151154357,0.0868261191068075,0.0263801311562237,0.000606314474027941,0.0549992900603933,0.0098948123660883,1.21085636587344e-08,0.818195869216352,"TCGA-EE-A2MQ",1,"",82.603852705993,245.690805316286,0.691786766252893,0,0.909936247170012,4.38048628028732e-38,0.898255563928158,13.1365088334538,0.919127989915792,0.20169036730919
0.00371917740733437,0.128559474630334,0.013154172520556,1.71646366577433e-07,0.0792494565055043,0.0628306474032653,0.000592644613159274,0.71189425527348,"TCGA-WE-AAA3",0,"",157.058892052885,376.808016858655,0.78873869135283,0,0.867481293163288,1.46235802454897e-30,0.783193338666399,26.5465480084118,0.813993816912924,0.386335625086802
0.00102968512448143,0.0852586126440846,1.87439122076041e-07,3.42828216858594e-08,0.0668688972835057,0.0148372956855343,3.92859225763186e-05,0.831966001617874,"TCGA-FR-A3YO",0,"",123.89425314788,258.665026247314,0.635733104179253,2.63672958778546e-12,0.82672718871205,1.82691691011849e-25,0.78088308904308,25.0689529842431,0.813604751029325,0.198358703464911
8.21481811854021e-05,0.227643100233116,0.00670904609124481,7.19676746902082e-07,0.0636546310683931,0.00888742166870679,7.21760487103466e-06,0.693015715475736,"TCGA-FS-A1ZF",0,"",225.773349129743,643.176614096729,0.741097727750894,0,0.909345805081391,5.89138796547369e-38,0.905257081776464,37.3825638387496,0.923577546473414,0.322283440227558
0.0331584068434475,0.100389815821469,0.0160990752723974,0.0778553188013179,0.0229630523733939,0.126655268515691,0.00135497289717433,0.621524089475109,"TCGA-D3-A3C8",0,"",299.4132489951,465.48746289778,0.664895855249316,0,0.728829952725663,2.61611406889259e-17,0.49955713503466,58.7655875219349,0.536793228508695,0.529854917849454
5.93445469782704e-05,0.496173818050199,7.33976727139812e-07,2.73951816098706e-06,0.127972030273413,0.125750090885283,0.000575409827382291,0.249465832921857,"TCGA-ER-A2NC",0,"",384.838259221272,1124.48384213932,0.760296128760783,0,0.893341718375988,9.07637343231046e-35,0.84524515527083,87.568638287568,0.872672914189268,0.811095759998389
0.00274657831922791,0.0653449661005202,0.0476256792699137,6.4600307235086e-07,0.0173001300413098,0.0535115382295636,0.00727075347046565,0.806199708565927,"TCGA-ER-A2NG",0,"",129.020601130698,248.142390766122,0.620331895644856,0,0.795317065879814,2.27464515142026e-22,0.636044713117994,26.2908864989879,0.676122773224369,0.290666945286721
0.138447226943871,0.194804707597405,0.168325047628188,1.25346179017588e-06,0.0568094404810602,0.0860371104471419,7.20263604965471e-09,0.355575206237907,"TCGA-EE-A2MR",0,"",316.808753771407,578.871446909778,0.683449926362297,0,0.770373514263574,2.84344785945855e-20,0.673905273323975,64.2732998470889,0.721588236843636,0.70802857066981
0.00104073542112029,0.00797428754656126,0.0430898729161622,0.0117478670612375,0.0251697320640663,0.0073452698809033,3.7112963707302e-08,0.903632197996985,"TCGA-FS-A4F0",0,"",71.9445697632047,78.7697011700229,0.503078657819682,1.50745257871884e-07,0.345416160727396,0.000529932579945867,0.139276737182838,9.95941810614332,0.191680136989586,0.112405922816116
0.0047610894551807,0.0741042040969886,0.0535670228392284,1.31805314670192e-06,0.00399195745821433,0.132689715215659,0.00268688162469822,0.728197811256884,"TCGA-FR-A44A",0,"",285.011405368855,440.349287538231,0.614375131495897,0,0.731544823593994,1.74140296769673e-17,0.50136301163202,50.9651664870379,0.533017473425653,0.455702922317654
2.37550219962137e-06,0.0430256907332837,0.033631324646496,0.0274179457319574,0.0365406509159388,0.00758881577814359,0.00504332472645266,0.846749871965528,"TCGA-ER-A19B",0,"",243.435382749535,270.463549040955,0.580707516004597,4.51424156819754e-10,0.337385955338953,0.000726309738041944,0.114709457507948,24.717091357657,0.138525523435985,0.169128578446012
0.0247607540821023,0.0266806409288174,0.0734961915765446,4.30287959198461e-06,0.00178608418155697,0.205268938552933,0.000929587897041841,0.667073499901412,"TCGA-HR-A2OH",0,"",392.216857401678,567.745012140287,0.593138544077425,0,0.714191177518808,2.16434677480034e-16,0.467989708877299,56.9378825946806,0.489853771938151,0.56186787917025
0.00334990122292469,0.133637179650115,0.0242205302564532,2.65631965736965e-05,0.0332918260870497,0.0227514240926515,4.40474706464892e-09,0.782722571089485,"TCGA-D3-A3CC",0,"",123.103719109104,368.989757713998,0.717993898590364,0,0.919451392890691,2.73062037661936e-40,0.910970609594288,18.531450716045,0.930738537818328,0.259987834123448
0.00171723507322527,0.00663781241474355,0.0332212063729619,0.018368940013764,0.024172532419313,0.0038730027215297,9.75541470279417e-10,0.912009270008921,"TCGA-EE-A3AD",0,"",61.3026153102081,65.5779964546263,0.360653797601515,0.000311109130542333,0.262064107026532,0.00951263082003084,0.121418532671216,7.62539560233355,0.209655028640983,0.0963585145017983
0.238694618706087,0.0410070751241578,0.0325617191618506,1.04370335234706e-09,0.135089868407879,0.0280885090665092,0.0013074932004525,0.523250715289361,"TCGA-EB-A6L9",0,"",146.628097527299,227.9501969415,0.528587208079108,4.34229020331783e-08,0.709127013788806,4.36096127239582e-16,0.508074621635126,32.9122539206328,0.584269171916631,0.512025493333427
0.0057291202491934,0.0976627036583452,0.0241357045598873,0.00231989539032192,0.0187415770403997,0.00662609011571199,5.98301299452889e-09,0.844784903003128,"TCGA-BF-AAP6",0,"",95.0187077070468,277.199920249607,0.636889322830218,2.34049570429061e-12,0.907059627260505,1.82117892364565e-37,0.896988212972065,15.0705841933647,0.915671899305036,0.169005740554378
0.00641712782811912,0.349886060647276,0.00966147658706738,5.93451278749386e-07,0.042989498908435,0.0634109465805184,0.00103311847176904,0.526601177525536,"TCGA-FR-A7U9",0,"",507.373277396623,973.568551545958,0.77606248685041,0,0.801269417434502,6.5051185030412e-23,0.737279713549307,85.3802575302012,0.766154741363862,0.546676914919332
0.00127923269696517,0.0086274288566151,0.022296754010814,1.62551221833428e-07,0.0316315417330979,0.0378917246064942,2.07950223639755e-08,0.89827313474977,"TCGA-WE-A8K6",0,"",84.7170895516295,136.433645800071,0.665331978924734,1.05655633585587e-13,0.73779033492238,6.69913669635513e-18,0.653067788657548,12.4069665629455,0.688188086461109,0.180649613057062
0.00104820684977417,0.0731007364006037,0.0165430233571009,4.60731732122149e-08,0.0291289743630237,0.0407639086926162,0.000168731744874646,0.839246372518834,"TCGA-EE-A3AF",0,"",127.320241109803,246.847753925004,0.757942352198611,0,0.803017988915251,4.46726996850902e-23,0.6586702511038,24.8044743431152,0.696024990074152,0.239626820810884
0.00541192887326598,0.141063914800214,0.0044572323623166,1.75233406010246e-06,0.0282277883876784,0.00919717099230731,2.5196627641898e-05,0.811615015622515,"TCGA-EE-A29V",0,"",215.368268422316,431.109030373509,0.687403842420077,7.49006366982384e-15,0.811321912470486,7.11229551664257e-24,0.761134412453736,32.0597826997807,0.784311179458356,0.20695355096277
0.0358815999476438,0.0716052018289849,0.0594063603930558,3.05190352524007e-07,0.103407923854731,0.189719932882954,0.000900003461871451,0.539078672440406,"TCGA-ER-A42L",0,"",295.543079567296,505.936700147598,0.754203773291253,4.75597744479004e-19,0.769159169750039,3.54126416983923e-20,0.578171324106985,52.0319778741712,0.610155915373457,0.636522884993794
0.00197641101191107,0.0630416622117584,0.0222420877542891,0.00360260508113275,0.018802224652938,0.0126611332301926,6.04701418546193e-09,0.877673870010764,"TCGA-ER-A19F",0,"",76.2072164828022,185.809178884475,0.638517778245319,0,0.871461123875358,3.78449092407573e-31,0.834387549577074,12.8014314621528,0.861133630905411,0.149516923189798
0.0202126152305296,0.0172329753576574,0.0226914307295805,1.06908289820935e-06,0.00965626383093022,0.0396817592924146,0.000204291634733353,0.890319594841256,"TCGA-QB-AA9O",0,"",117.790185021074,166.428243849719,0.62927361666316,0,0.646125244036145,8.86990113648538e-13,0.434289275087793,19.0386308902175,0.470875256686757,0.191337208598958
0.0210359567758518,0.0515279112959635,0.0450204503686624,0.00942187717763831,0.0375636471905603,0.022057365083484,3.78528076809249e-09,0.813372788322559,"TCGA-FW-A3TV",0,"",96.3508445127593,176.269542556719,0.615453397853987,0,0.796141771833866,1.91719324458264e-22,0.708217882047244,15.826969810021,0.75224540384608,0.229508937868945
0.0278805353225016,0.637363089437501,8.52450616104717e-06,1.02004379241405e-06,0.0858861214830939,0.0196880521328535,0.000571090552530415,0.228601566521566,"TCGA-WE-AA9Y",0,"",524.730736084805,1722.62137936662,0.783965390279823,0,0.931319323144156,1.8615112915597e-43,0.931823641365704,94.956268852819,0.948538870291,0.782357348313533
0.0017262763125627,0.0114579292862237,0.0117090732911082,0.00337709531898454,0.0106761102084862,0.00436920470426328,3.53647833051932e-09,0.956684307341893,"TCGA-GN-A4U7",0,"",38.6549660369874,51.2092603504656,0.453188950365872,3.14293924319208e-06,0.548222806246483,6.15322021805915e-09,0.358553902278182,5.4052218089347,0.407323513963193,0.0536900640926246
0.000899473803465758,0.00288259548914957,0.0295565633919628,0.0112468638096055,0.014373509597372,0.0034401893559086,2.63025102174819e-10,0.937600804289511,"TCGA-EE-A3J8",0,"",27.3633735595533,31.0137721826145,0.429698847099179,1.12175566638718e-05,0.318203300074457,0.00149166975217968,0.144459577832627,4.75854122971041,0.230173838545342,0.0701015441212201
0.0123298244149006,0.341711917027459,1.85193378909727e-06,1.56145347065386e-07,0.0148584199967483,0.0966278114808093,0.00292551573636247,0.531544503264584,"TCGA-EE-A2MU",0,"",428.640364763474,887.931681146566,0.64622343782874,0,0.825278476409863,2.6172833864318e-25,0.750385064408879,82.8138359178996,0.781886382337269,0.573619382161904
0.000384838534087902,0.0128716481088026,0.0103826313009038,0.00607027717988976,0.0117737617413537,0.0026782631014921,3.29644259067836e-09,0.955838576737028,"TCGA-BF-A9VF",0,"",24.517762820785,43.343040667292,0.578360341423575,5.50488812910578e-10,0.779484545767533,5.24338026265136e-21,0.668933244174555,2.29675050333102,0.696091269569129,0.0504578349140338
0.0431218767175321,0.0697224361176682,0.0333174637371157,4.40981870541411e-07,0.0144976987049014,0.0567559904200081,1.03107719773675e-05,0.782573782548927,"TCGA-EE-A2GC",0,"",145.941701519034,267.277213827419,0.58363139070061,1.64632510355812e-10,0.781171816498335,3.80018265990784e-21,0.601254341249071,30.5961614778435,0.642576055938384,0.316197826193467
0.00329117029237,0.076479210852189,0.0316265469387862,0.00453412558669805,0.0176095023769026,0.0135918885857054,1.8428416318344e-09,0.852867553524507,"TCGA-YG-AA3O",0,"",76.4551465999451,217.881150356058,0.61316738496868,2.45093829796101e-11,0.903267080088819,1.11206751461693e-36,0.884877647873746,12.3075781155821,0.907225624217199,0.175355859844825
0.00556639388295861,0.0132153688772356,0.0220443884198806,7.94886771749887e-09,0.0287573877665291,0.0674033951295709,0.000288643258242453,0.862724414716715,"TCGA-EE-A2MF",0,"",124.610115851741,216.491880978574,0.589482958131706,0,0.783072834118293,2.63509497080034e-21,0.606719777036706,21.1825512407986,0.633690847554167,0.263634167402894
0.00881249612787478,0.0222076023648708,0.013132181599975,0.00880992953262259,0.0192549199627905,0.0705362636871631,0.000224139163412608,0.857022467561291,"TCGA-YG-AA3N",0,"",148.921074357257,239.981292987521,0.590213946689292,1.98846262037841e-10,0.755207199083605,4.01876020890946e-19,0.546336828161368,24.5199260917535,0.575119737777478,0.273457989852724
0.0375692906875245,0.30152184732626,0.0497231864949004,6.61237273807187e-06,0.0603985110884541,0.369451412172795,7.33558492535626e-08,0.181329066501478,"TCGA-D3-A51F",0,"",426.858631324354,831.424036004581,0.685711655796339,0,0.807420395667578,1.70520375079474e-23,0.654592130598647,96.8385245432448,0.691473795899504,0.906593287426486
0.00466177420398561,0.0358259821279246,0.0247867998272576,0.0127281514466251,0.0272614290984845,0.0275810265130782,0.00605159031385998,0.861103246468784,"TCGA-EB-A4OZ",0,"",135.162145281722,181.332507576552,0.552061040599187,4.58487109355405e-09,0.518591735733217,5.29078579804511e-08,0.266048183876793,25.3349494636162,0.307427361090861,0.195585163535809
0.000564916066536935,0.0372326885701289,0.0300902302607935,0.00939070475923273,0.0189102633935646,0.0219400850614896,3.53732022525133e-09,0.881871108350934,"TCGA-D9-A4Z3",0,"",59.4886029617667,129.230761250258,0.64665272797417,8.38335063255262e-13,0.838641583427498,8.32153276430219e-27,0.738321375019136,10.9485528290426,0.775569031613863,0.164462587485982
0.00146190851375767,0.112789378447738,0.0383379563978529,0.00984849516808603,0.0534361217251132,0.0083183583645493,8.02652187780358e-09,0.775807773356381,"TCGA-GF-A2C7",0,"",109.482827148491,319.480970211093,0.606756348100377,4.47302835635396e-11,0.900652719856485,3.70793946203598e-36,0.871944935297151,19.0857080798038,0.892699363654956,0.239874457646929
0.000990231288878124,0.0206062271304396,0.0171319417527148,0.000388931264265367,0.0107145241447893,0.0187806365784096,1.78857805744549e-08,0.931387489954723,"TCGA-FR-A7U8",0,"",129.321262223587,150.094843825886,0.598964864287281,9.12803126897424e-11,0.422837535876005,1.5984546587401e-05,0.191506449882387,17.7385449345671,0.222453797372526,0.110987771206286
0.000164450041184765,0.0435206311578597,0.024989722881207,0.0181761087031792,0.0291664000572502,0.00168793271126609,2.28631615697183e-08,0.882294731584892,"TCGA-D3-A51R",0,"",108.24623642841,160.071640133683,0.53987665527305,1.15203135791587e-08,0.650846193971997,5.33238851331146e-13,0.425783338441907,11.5344266874002,0.449431518265646,0.121032346065621
7.48614865583814e-08,0.0101429778930282,0.084809529448041,0.0954777137675499,0.0288390838115298,0.0409837066534582,3.13502492847891e-06,0.739743778539978,"TCGA-EE-A3JI",0,"",215.718772560665,246.026057290012,0.565376902605994,1.6043112406521e-09,0.474411009238321,9.15369823550208e-07,0.232737212385422,27.053965999937,0.266750150587952,0.32891148382549
0.0127462126392236,0.520809920779978,3.79060399468942e-06,1.45679176227791e-07,0.11275289988082,0.0602569205984666,0.000629508678355845,0.292800601139986,"TCGA-ER-A19D",0,"",416.810744946368,1299.38198436008,0.764845886808331,0,0.909713517671044,4.89974114603823e-38,0.895026839436632,76.644166276559,0.915312375164536,0.746209124684933
0.0294390188251377,0.0423548803823204,0.0727181167078368,4.17575064733786e-07,0.0441842575515249,0.0198200051049222,5.34653605966314e-08,0.791483250387833,"TCGA-D3-A1Q3",1,"",68.6828099100378,142.972787369312,0.606616873553545,0,0.823098775035949,4.46762217138126e-25,0.708647188919366,13.1733139774561,0.754222967216398,0.246038640901196
0.00115603186295519,0.0586086563205142,0.0411975385207163,0.0104893787908281,0.0685212070142216,0.0213251954316284,1.04572233108909e-09,0.798701991013414,"TCGA-HR-A5NC",0,"",97.6111449183695,190.70584145963,0.656488750434814,2.86833964278096e-13,0.817601303742204,1.66692958905495e-24,0.727660833288608,11.6524757609926,0.759342054697309,0.242032907196869
0.00216485470729134,0.0120388650260281,0.0548120341802367,0.0545293524925141,0.0282819583623363,0.0123640234502672,1.69082139679131e-09,0.835808910090505,"TCGA-DA-A3F3",0,"",99.9876663473221,112.286234013872,0.560593309488744,3.86526107565677e-09,0.374977581962135,0.000154154338584562,0.171406861031248,15.2477783219805,0.233387357382561,0.188702385595052
0.0163665800182802,0.153154026902809,0.0585434061219276,7.32571874536794e-07,0.0329285250301073,0.112975509284844,0.00235531323555675,0.623675906834601,"TCGA-EE-A2MC",0,"",254.429014820696,489.187286266379,0.682792446875657,0,0.792363835947796,4.16898977704729e-22,0.633424702293306,55.3777150589713,0.672750756890398,0.51561812202097
0.00513461460575604,0.0302463957252476,0.047903127338408,6.45256258987592e-09,0.0312982282133864,0.0663045259430389,0.000416268645957234,0.818696833075643,"TCGA-D3-A3C7",0,"",91.6054458487748,207.366996886885,0.636071954555018,0,0.868994303901114,8.79307700889755e-31,0.767860224826568,14.9618258294133,0.795577028895373,0.299359151691133
0.014342260822006,0.0248852227249353,0.0311262966735036,0.000833437191540801,0.0344651425938958,0.0183585084629931,1.28653276896874e-09,0.875989130244593,"TCGA-D3-A3C1",0,"",79.8590015435053,116.338650909196,0.653074374079529,0,0.735308495109505,9.82388800197366e-18,0.567853021562927,10.8425522105256,0.617249341012527,0.16291017479995
0.130336100510609,0.0179080711243197,0.0249052962850217,0.0145437026119833,0.0260599052532042,0.0236382769350662,1.19349086007285e-08,0.762608635344887,"TCGA-FS-A1ZW",0,"",105.211794157195,146.847657024198,0.549705449189985,9.45258746281087e-09,0.651581773563604,4.92195229305825e-13,0.438918379296841,16.6529589166459,0.501350896358371,0.280762755398975
0.0117762298962946,0.0299303151795116,0.0437478905190925,0.0326012540338323,0.0167308034086142,0.0110929013787398,3.53465551918418e-10,0.85412060523045,"TCGA-EE-A3JA",0,"",67.3004121050989,109.556380959444,0.665921523248475,0,0.753544608299001,5.3100791658392e-19,0.578472211769111,6.67101878364247,0.611727913255992,0.168663599419689
0.0011701728697771,0.0448464542810371,0.0171664695812598,0.00182341565309823,0.0204381583058539,0.00775568590883714,0.000329968331120024,0.906469675069017,"TCGA-D3-A8GV",0,"",48.4609405085803,130.65188097651,0.640634605490262,1.58542771648699e-12,0.877158348086667,5.04355760274379e-32,0.842114021173368,8.70718241703921,0.867905355438083,0.110937032992018
0.0272424765548848,0.0267323672994166,0.0226476009660039,0.00113267422636364,0.0222326282141719,0.0173510820068183,7.09367586679109e-09,0.882661163638665,"TCGA-WE-A8ZR",0,"",110.031605622901,140.332886896716,0.494845360824742,3.77120558433905e-07,0.512967467197092,7.78033925295301e-08,0.29018607631269,18.6953796702223,0.339483518946187,0.154580831818534
0.00109279519294445,0.277726577281828,0.0107494316130497,7.97529964611111e-07,0.0416041770042048,0.0192641860312723,7.17780868097667e-05,0.649490257259926,"TCGA-EE-A29S",0,"",261.716692340207,763.793400495408,0.737306494936444,7.22070117069939e-18,0.90516385922445,4.54225082292442e-37,0.898054144575191,49.7597090999398,0.918120261501662,0.38084044065688
0.00729268563430835,0.00707131961837426,0.00977426364204518,0.00103115228321198,0.022945976648659,0.00691231782832402,2.27628217404239e-08,0.944972261582255,"TCGA-GN-A8LL",0,"",39.8611262241882,49.2608122779999,0.42620622634641,1.34463986559657e-05,0.594485855911956,1.36369337559079e-10,0.396166421854244,5.88516448365942,0.462205758983276,0.0712976800714891
8.04122415063151e-09,0.137189956998485,0.152879975484351,5.73208879100944e-06,0.0416151481803425,0.0830885475818406,4.61516605748035e-08,0.585220585473305,"TCGA-GN-A26A",1,"",188.444871456676,416.622365819331,0.677401115085209,0,0.841058152803194,4.31320283825413e-27,0.698162885980765,39.6746560338843,0.734663652008401,0.516329868561458
0.0703930742071945,0.119779552766619,0.0878746316763607,0.0147023179849963,0.0333228311470903,0.224148606422262,2.91824906924023e-08,0.449778956612987,"TCGA-EE-A2M8",0,"",359.740940438428,599.657614551814,0.687618346307595,0,0.761829770696155,1.29520856573224e-19,0.557406786533481,67.4152744954679,0.59148616539417,0.713590552848043
0.0313937975025228,0.0679549145117871,0.0466085168590907,4.74557698101206e-06,0.0254438376624558,0.0958525666685619,0.00122635026985483,0.731515270948746,"TCGA-EB-A551",0,"",226.799813306023,357.91192005284,0.609917420576478,0,0.731869178668005,1.65820479682592e-17,0.514008657014036,43.4578832623008,0.551313527242926,0.411972692902493
0.000528721167190365,0.0402939436370046,0.0244096061512749,0.0015235361121353,0.0494257330377862,0.0127283754076513,0.000735659567152416,0.870354424919805,"TCGA-XV-A9W5",0,"",57.7475555588699,126.867771896919,0.673863875447086,0,0.84381181153117,2.01244526966086e-27,0.798327007821588,8.54344777236124,0.831946790209129,0.156803563283617
0.00445937250890499,0.0649384570772727,0.0382403242684096,0.00952726646462631,0.0281065955362193,0.0105557716210657,2.02940826406225e-09,0.844172210494093,"TCGA-WE-A8ZY",0,"",69.5187088676438,187.609110174063,0.676217652009257,0,0.900539063265365,3.90426422208604e-36,0.891281609992375,9.26958430366237,0.912700160816457,0.177501679997648
0.000615791629330454,0.0245192885726561,0.0242238742279675,0.0108310918390171,0.0314912248368118,0.00850138373728383,1.25968902011672e-09,0.899817343897244,"TCGA-BF-AAP1",0,"",49.2505839886564,85.9746818790081,0.631272354302546,0,0.783344897290442,2.4998227805473e-21,0.705645179920173,4.48351321709402,0.736964833704064,0.118907485186163
0.00653585636687866,0.0727836197060632,0.0306513423336515,0.0228021602389256,0.0575894948958453,0.00812463663953675,0.00211402851358425,0.799398861305515,"TCGA-FS-A4FB",0,"",143.505851244559,242.360455609709,0.570507130907737,1.05715887369642e-09,0.693834392171412,3.31344597769871e-15,0.551486260300391,18.9491395566676,0.582916885053882,0.216508898365445
0.0541687011425098,0.59899619144053,0.0110917702381981,9.34366937169422e-08,0.0972292163609531,0.120961834937878,0.000667095073304414,0.116885097369933,"TCGA-GN-A265",0,"",414.902834562653,1335.38530390555,0.756430149379339,0,0.915401700368305,2.549666920729e-39,0.885270811259828,90.4170786145222,0.909305247252213,0.910671176957867
0.0116021936246,0.0251311403812526,0.0330033011968688,0.00813897849425112,0.0162383320475021,0.0161361001667148,6.14415055359898e-06,0.889743809938257,"TCGA-FR-A3R1",0,"",60.8424317390513,101.451154786899,0.628865979381443,0,0.760506807863881,1.62870742144791e-19,0.582975153076798,11.2447577573201,0.629886919733211,0.145039594977631
0.0224648394971788,0.0223561595135711,0.0326442764877264,0.00270972321380641,0.0182948081380595,0.0180905421314431,0.00116737797081308,0.882272273047402,"TCGA-EB-A5UM",0,"",97.1716991088033,125.501417925652,0.573190616452767,1.08343974314206e-09,0.54022034273339,1.12303841469315e-08,0.303414743434105,16.9324731584962,0.353553313504026,0.156441957545278
0.123616268989272,0.0906928949346163,0.00165896604483337,1.34816348073354e-08,0.0598743720553992,0.0389821222862192,0.00115351247081171,0.684021849737214,"TCGA-D3-A8GN",0,"",121.881993891185,282.079862000996,0.539540816326531,2.01720928580891e-08,0.856087701848783,5.57030660484309e-29,0.770263506823474,27.3691275229858,0.81453245383283,0.378136054017483
0.12870396722919,0.0257011334556559,0.0824928848875367,1.67250183837639e-07,0.0295114481047781,0.0888666420977205,0.00959591113175108,0.635127845843184,"TCGA-D3-A8GD",0,"",204.543082531073,310.80321349759,0.641607931832527,0,0.726291028576501,3.81105822324633e-17,0.491566096275953,37.8169029497062,0.529544075346762,0.482371691610006
0.000215392895545317,0.2204382240326,0.0121318382149612,2.62182949228331e-07,0.0422312544659802,0.0114113830714054,5.99928970593771e-08,0.713571585143662,"TCGA-GN-A264",0,"",171.688120897606,604.836139025521,0.732310281862728,1.55122519897284e-17,0.94251032948454,5.18636565791701e-47,0.935971207955923,24.6679416542793,0.949798732918143,0.306500305604433
0.000487468339206599,0.0344225332906679,0.0194252264199265,0.0052615533736261,0.0400120997380402,0.00784175005341289,1.23587932924575e-08,0.892549356426326,"TCGA-WE-A8ZQ",0,"",36.6228806781676,101.796448376176,0.640064456306661,1.68285870793509e-12,0.90921001410742,6.30508239642866e-38,0.893314848898618,3.79431239112522,0.912118514872898,0.124689301862828
0.0196021945697037,0.0432381247236964,0.0395677937148876,0.00722953852621979,0.0403962626424743,0.0328437589919482,1.39637418017331e-08,0.817122312867328,"TCGA-D3-A1Q9",0,"",109.448387532279,179.96310121114,0.552243320008416,7.74687152157938e-09,0.744801978710378,2.21811676274861e-18,0.582109962325196,18.4977569555129,0.628904081502499,0.245665185806157
0.00928505600534539,0.237271788336068,0.00260090931337973,6.92193551071743e-08,0.0596350625939498,0.0459597133454564,0.000826507575554473,0.644420893610891,"TCGA-DA-A1I4",0,"",216.060846178807,626.145497146986,0.750758569455487,8.42834873896361e-19,0.899420858397901,6.46479674112072e-36,0.883000945370706,37.6232846031983,0.906063110887717,0.423202324819425
0.162624128202568,0.116081336996465,0.0854502837189918,1.2746239320719e-07,0.0632038751884553,0.0432977432031262,0.00232353814063682,0.527018967087364,"TCGA-FS-A1Z4",0,"",153.899809346701,352.032032779989,0.605038922785609,0,0.836984633953326,1.29775404443864e-26,0.725092271741681,32.7498072371882,0.76824816150533,0.525302679195715
0.111506842162053,0.0610306110038076,0.0596680984267624,0.00969162109770638,0.0736045725279869,0.0650004552281244,0.000829386418562718,0.618668413134997,"TCGA-EE-A2MJ",0,"",163.670611662015,279.998221745062,0.655257205975173,0,0.754843143640563,4.2723970746484e-19,0.553550886367714,37.3568275618424,0.60570736985921,0.469128214132376
0.000302864148676641,0.0761642163791973,0.0301011424240966,1.88580561146965e-05,0.0347745940516273,0.00950243434260953,1.83437800865277e-08,0.849135872253898,"TCGA-D3-A3MO",0,"",122.780737355913,237.522114803519,0.52597216880468,3.1557224800875e-08,0.809126770880139,1.16614846996909e-23,0.755302866848223,17.915478224863,0.78322557343116,0.170653559917374
5.30013879621763e-06,0.016039489819626,0.0552771396185829,0.0666948161048282,0.0239664703538327,0.0140582264725672,8.66004867602157e-09,0.823958548831718,"TCGA-FW-A5DX",0,"",156.345691063223,167.999824072862,0.398026240094724,5.4040330685669e-05,0.262738383893817,0.00932303888280337,0.0890795155262069,19.067870116592,0.133980772737079,0.203420507943785
0.400639673924176,0.057600878482549,0.120792849681675,1.89150957316134e-07,0.0185466641233618,0.101427820871549,1.63740491831694e-08,0.300991907391683,"TCGA-DA-A1IB",0,"",234.065684880556,393.688078410153,0.65674310961498,0,0.75941293492261,1.96622125125574e-19,0.556312560613925,48.4135880489654,0.60721055008326,0.760869399616951
0.00448565592321451,0.0973062070575976,0.0387778920297653,0.0206477690578611,0.0505601428844488,0.0279591477043001,4.15454778381192e-08,0.760263143797335,"TCGA-EE-A2A5",0,"",164.579108003725,306.097395199649,0.652600988849148,0,0.761473701183891,1.37779286074823e-19,0.635416505162181,25.7814522922833,0.669851954276402,0.289853795709473
0.00312140992002223,0.0179935667393247,0.034511744888041,0.00722760485005764,0.0375500397734694,0.0169388925300853,1.53798375747662e-08,0.882656725919162,"TCGA-D3-A1Q1",0,"",148.617665743519,163.848367934125,0.486672015570131,4.31788324226478e-07,0.338309769375875,0.000700740906964175,0.143841740358649,18.4449503571443,0.188144166976803,0.153480231225944
0.00398499144632651,0.0065502025779985,0.0267836817750064,0.00559386130843997,0.026330764198942,0.0140198092587787,2.01850552074722e-09,0.916736687416002,"TCGA-GN-A4U3",0,"",99.1131112100272,109.041238850915,0.46909148293929,1.25684125674811e-06,0.380474921245756,0.000120898695504498,0.169749543304269,11.3372817729161,0.212550009904343,0.11457538324259
0.0305784540301157,0.0356961065916893,0.0352252668953486,2.02068382747962e-06,0.0169258230344734,0.0490011197243316,0.000522493604961678,0.832048715435252,"TCGA-D9-A1JW",0,"",145.641180353453,215.149953515574,0.612231748369451,0,0.704231191522887,8.46491116369072e-16,0.464943083421432,28.0906676888793,0.50372655107194,0.260174372068323
0.146093890947688,0.0342179658729582,0.0605624878048748,6.41248770945941e-08,0.0697765102536905,0.0282853171427448,3.50070058095814e-09,0.661063760352466,"TCGA-EE-A2GT",0,"",101.124165149412,170.90027136637,0.5271407532085,4.7907238215054e-08,0.741160739458322,3.95549548937385e-18,0.54644123428041,23.8250004002887,0.61602887254038,0.383311249581031
4.18025532825592e-05,0.0859793273813711,0.0547495356166611,1.16721137107088e-07,0.0349770053449817,0.0331480135290259,2.74794692220936e-09,0.791104196105594,"TCGA-W3-AA1V",0,"",117.524663436769,262.075051172301,0.677455940514721,2.53999182914214e-14,0.837304440647685,1.19154986020297e-26,0.769394962802597,23.3184561926253,0.805704508907152,0.270089633676759
0.000408812349348187,0.0992664709054258,0.0433294750125171,0.0225778034470702,0.0534578510907331,0.0108554883671493,5.82482664519464e-08,0.77010404057949,"TCGA-FS-A1ZR",0,"",86.9613386564584,277.726362159601,0.664041131916684,0,0.931929558372743,1.23593337890451e-43,0.899682340627312,7.14368629088045,0.910673031241537,0.250055512313898
0.0677749081196711,0.16893292871541,0.0278137183268418,5.03883554423939e-07,0.0192624943625164,0.0882597501313984,0.00524881120404418,0.622706885256563,"TCGA-EE-A2GH",0,"",243.987279865238,497.264607535061,0.685632758257942,0,0.822698094140409,4.92514532542101e-25,0.701735604257942,41.3019629941802,0.736932237118769,0.491846662478941
0.00229471768008267,0.0193952199723851,0.0422875673898651,0.0180058820103404,0.0416268548125531,0.00623693685360645,1.70635149512057e-08,0.870152804217652,"TCGA-FS-A1ZN",0,"",59.7106950656649,82.3707847124367,0.521547600724002,4.30803856334242e-08,0.673172669157743,4.23515996058267e-14,0.525811279987546,8.39981634894489,0.586866357972031,0.142861651220862
0.00351439851208466,0.0140963781505575,0.0431204699368713,0.0192594099262546,0.0337942428909078,0.0105869633588144,4.54414799323496e-08,0.87562809178303,"TCGA-EE-A3AH",0,"",65.1243170720186,82.3367405428608,0.384745110804174,9.98033091428593e-05,0.498291979685373,2.06090664988149e-07,0.319839003941547,10.6454575647232,0.396202663857632,0.146770607343042
4.49410892990763e-06,0.999985038852856,3.85084702061942e-08,2.49274373516447e-06,7.73070493270557e-06,1.64251910710152e-07,2.98791392588029e-08,1.09500265924272e-08,"TCGA-DA-A3F2",10,"",1922.08321978774,3766.01609230163,0.305780559646539,0.00241626126626395,0.816701522537061,2.05911201014593e-24,0.638439722967305,162.746500980174,0.652096752559594,0.999999989049978
0.0165206610650284,0.065461668979955,0.0330037118752552,0.00872182964361776,0.0233959844501191,0.0232053484705839,5.53996827521573e-09,0.829690789975472,"TCGA-WE-A8K1",0,"",89.5963651601152,201.481180842216,0.685777403745003,0,0.846800784991508,8.6505325150727e-28,0.764290575262127,16.2800632026082,0.798491402095248,0.21632341542365
0.0985256275217282,0.195075068439853,0.00258776796356391,8.79719364999495e-08,0.13770779604712,0.0764899281468721,0.00194606072729115,0.487667663181636,"TCGA-EE-A2A1",0,"",217.273103460667,531.62143695097,0.693693456764149,0,0.866352037690871,2.12897661613117e-30,0.763756300745103,42.8478927977165,0.798027856731706,0.592090319164176
0.00385407265843125,0.0468331059234225,0.027180802455972,0.0107072655592142,0.0554696703150426,0.00776891696121924,1.09257813340538e-10,0.84818616601744,"TCGA-D9-A4Z6",0,"",86.7395939837738,154.150952054424,0.513359983168525,1.18843660540084e-07,0.729379957103567,2.41001374115562e-17,0.606501117320663,13.8695740588293,0.6434953026508,0.167925891379543
3.95012962500869e-05,0.115073199530137,0.0182570431538256,0.0066116193680857,0.0547806651618309,0.0219705745921162,0.000930817868974034,0.78233657902878,"TCGA-EB-A3HV",0,"",142.538500105287,333.749518728426,0.706501157163896,0,0.862603816200385,7.22965031352975e-30,0.82970540752973,20.099987783605,0.854737626940974,0.259008437985468
8.81838851187594e-06,0.299096207418309,0.00458842743121277,4.16005252132845e-08,0.0472481270744603,0.0082031745778222,4.16164107190878e-05,0.640813587098439,"TCGA-FS-A1YY",1,"",284.684673178301,841.45303763208,0.801559567085177,6.11342953019738e-23,0.914327362222811,4.52617184662157e-39,0.913867031872399,50.4230580999656,0.931585353254144,0.37228001507115
0.0270466382611639,0.0760795651003562,0.0505421789175866,0.00263001310725148,0.0294560337291001,0.0259923705761385,7.82740961204097e-09,0.788253192480994,"TCGA-EE-A2MD",0,"",120.126953703856,239.750937404424,0.661358615611193,0,0.799544725310005,9.38982403728162e-23,0.671126585373801,20.2883227581554,0.706544176896743,0.260359441804195
0.00624451626431931,0.0309203023057758,0.0387872238833397,0.00670984181853956,0.0301952730111711,0.00647049267997582,1.70766414884617e-09,0.880672348329215,"TCGA-EE-A17Z",0,"",60.2208235504449,104.435288194944,0.434565046588146,8.68511171976592e-06,0.746300562179137,1.74324137129114e-18,0.672324281476499,9.81547220333374,0.716228999885811,0.133172873957977
0.158878101271693,0.186837049769904,0.335256432493113,4.45367498847837e-08,0.17965579319374,0.0631479465828706,1.79289077885711e-08,0.0762246142230218,"TCGA-EE-A2ME",0,"",209.717938190095,520.044080428485,0.614427729854829,0,0.857765845257386,3.32452289841477e-29,0.766781712349111,43.9959570907516,0.808222082206791,0.93415155648076
0.0511060135792899,0.0514609103553273,0.000802061605877615,1.14275701727726e-06,0.0305285877309019,0.0492856719457478,0.00116180560266278,0.815653806423175,"TCGA-QB-A6FS",0,"",152.022021987939,238.046689011818,0.620568588260046,0,0.72261628536537,6.52112661866486e-17,0.527164483662494,29.8621297670195,0.572686055619161,0.275579032827939
0.00160471512793882,0.0640472006474294,0.0280998827534503,0.0159358178577097,0.0432610099638264,0.00974109167516417,3.39773607386884e-09,0.837310278576745,"TCGA-EE-A29R",0,"",85.354443278915,192.225397009684,0.684620239848517,0,0.848219371339601,5.75793716234575e-28,0.768642841571904,9.45438729085222,0.789998812666095,0.182560078396926
0.0051052094260617,0.0330447644403768,0.0437014827721582,0.00192805110924551,0.0286256234664236,0.0400157010068852,9.55900836171141e-08,0.847579072188765,"TCGA-D3-A2JC",0,"",89.2878615497987,163.801908273212,0.620989375131496,0,0.794043287518767,2.95751036593146e-22,0.673852440111684,14.4166766043153,0.712922011600132,0.230503924416485
0.346469670553005,0.0172343745836125,0.0665110766168375,1.0093613382061e-07,0.073601440732886,0.050349780945405,0.000645600011272773,0.445187955620848,"TCGA-D3-A2JB",0,"",165.092090892046,266.048925354239,0.616229223648222,0,0.744665020566569,2.26730608063318e-18,0.535041958253764,32.2673286964399,0.589265622583152,0.605677044224008
0.000997581053598858,0.153056683252325,0.020660741439661,2.58882293090317e-09,0.0312071979421938,0.0226292229675949,1.01275050720805e-07,0.771448469480753,"TCGA-DA-A1I7",0,"",119.417837856323,414.296414083964,0.74377855946905,2.61227878543631e-18,0.940800126269594,2.00532309203716e-46,0.924368435993452,18.351817863943,0.941035239603257,0.270455101761662
0.0541254408712567,0.0399629253108366,0.0141129225095135,2.45787556036736e-07,0.0256741847382706,0.024937877589549,0.00054463295907345,0.840641770233944,"TCGA-BF-AAOU",0,"",133.1919223331,184.007977126883,0.562144961077214,3.36632591003194e-09,0.584837054364548,3.17191756864917e-10,0.367261562870673,23.8915834953203,0.418514078551492,0.209676329884174
0.0102056529116665,0.0860703171767042,0.0452081945878565,0.01183205469824,0.045574914180235,0.0440332812353526,0.000166042782855676,0.756909542427089,"TCGA-ER-A19H",0,"",142.90907139033,281.141237190812,0.63068062276457,0,0.791721874437779,4.74966755494444e-22,0.65474585696529,24.9036726549421,0.692415818980991,0.319089354031235
0.0193146623509293,0.045102060746688,0.0447051509248541,0.00286272749209893,0.0207228174781415,0.0655498676978574,0.00213705426101459,0.799605659048416,"TCGA-D3-A2JP",0,"",149.209096451305,249.799578762926,0.528639806438039,4.32674882261644e-08,0.733554760438391,1.28425728467601e-17,0.56527020280714,26.0120786339488,0.605154029886307,0.31470475712031
0.0277085724485737,0.167098534194158,0.0488425293386204,6.50179422462777e-08,0.054756032425523,0.0483778424252152,0.000855595096090725,0.652360829053877,"TCGA-DA-A1I5",0,"",133.145043795141,444.075629717264,0.754549758047549,0,0.922695287551116,4.184362669317e-41,0.909145499823496,20.5354987459664,0.929965575681969,0.419051947384831
0.000193286542794414,0.114417905114698,0.00115941971926458,2.13225198869557e-07,0.0462242353792069,0.00796800188739251,0.000146019677740287,0.829890918453704,"TCGA-BF-A3DL",0,"",150.814796587643,339.523296090786,0.701039270546878,1.29502460716636e-15,0.852028109686236,1.89051386173994e-28,0.821925629807864,27.8969153897132,0.846110102753399,0.18663004890256
0.126510529883073,0.00423117148507477,4.64946460890643e-05,2.21823248930686e-07,0.0133789469400992,0.0453775442290335,0.000795837301431034,0.809659253691951,"TCGA-D3-A51K",1,"",118.399974982034,180.113738947593,0.446863976911659,4.46867224636056e-06,0.729045329061178,2.53344724195384e-17,0.506490453381451,22.0476220477695,0.540793005792241,0.274662421821037
0.187458866419543,0.1247294911921,0.105961490024513,4.41427467377733e-08,0.119717274153083,0.0360048211347817,7.86622441424867e-10,0.426128012146611,"TCGA-EE-A2MG",0,"",128.349901327681,361.886946474722,0.698401009888491,0,0.892656408280985,1.21029744987829e-34,0.832783686976638,19.988405181908,0.862659334822747,0.609506326449355
0.0087636018253745,0.46363274310901,1.52839236842102e-06,6.23866252648844e-07,0.188086891803683,0.0168733870605444,0.000356969160088005,0.322284254782678,"TCGA-D3-A1Q4",0,"",311.558586859564,1242.82240133632,0.774195245108352,0,0.953007829962701,4.59238393977763e-51,0.954461067313509,45.1995124094818,0.967141085606875,0.691026518132042
0.00327842253622458,0.018255993549881,0.0255059453727511,0.00576670788289062,0.0116089114089554,0.00536514661303754,6.07589467566073e-11,0.930218872575501,"TCGA-EB-A41A",0,"",33.0889704456634,61.2708264165089,0.588628234799074,0,0.791242706443165,5.23365348840263e-22,0.693440722390928,3.94797905651011,0.726656691150746,0.0820029731676127
0.00105204764258124,0.122708439186647,0.0128269788375794,3.6984842806576e-07,0.0179141933939089,0.0147606064189601,0.000156799010979644,0.830580565660915,"TCGA-BF-A5ES",0,"",151.649212378357,356.615301670033,0.74546817406203,1.99325346072123e-18,0.86735868656642,1.52347802996225e-30,0.842100957899042,26.5446393476765,0.866334456809589,0.199433156723598
0.00513881743684173,0.0307992272064223,0.0262044026595111,0.00286776742105983,0.0361460122683411,0.011639843476075,2.28326712209917e-09,0.887203927248482,"TCGA-EE-A29D",0,"",48.4255174585547,100.976402569832,0.549700681482698,5.49660293010864e-09,0.855986902274316,5.7445029756838e-29,0.799661188121653,6.34009482832148,0.832750492524773,0.138086050594785
0.00564950754607643,0.0389385233147854,0.0428626371427406,0.0129033738278967,0.0304017622354348,0.0161853361295786,2.28915182923412e-08,0.853058836911969,"TCGA-OD-A75X",0,"",56.5120259670606,125.825154791199,0.559983694458154,2.46841547695908e-09,0.836116349723908,1.6347966189461e-26,0.755163763225053,10.0742162005824,0.793331311942948,0.180231809894105
0.00673284754042136,0.0226591105293178,0.0305688082283466,0.000784771234706656,0.0319880465760091,0.073939872889711,0.00116340297390811,0.832163140027579,"TCGA-D9-A1JX",0,"",181.065460470843,266.561548409405,0.547456869345676,1.12337862324805e-08,0.710300074108431,3.71264586380157e-16,0.473002843257714,29.18044100994,0.501965023194632,0.299666633369501
0.00700541762160869,0.0110523095934935,0.0297127808690183,0.0102689617145425,0.0188854154466894,0.0196713618922344,9.06488913804143e-10,0.903403751955924,"TCGA-FR-A3YN",0,"",49.527739873386,81.0525332351535,0.580304544498212,3.74961555118878e-10,0.747314276633709,1.47967896215191e-18,0.567750266831445,8.67447146141825,0.611146330404022,0.139361825661808
0.0462138384207535,0.0249188573489152,0.0271080346834335,0.000618600045481213,0.0146828352500681,0.021266232456336,0.000912207059322903,0.86427939473569,"TCGA-EB-A5UL",0,"",103.721516960229,138.356868519942,0.620910477593099,0,0.57798920098066,5.67950590183784e-10,0.342345241940598,19.1683839668164,0.394281709045487,0.180117310899736
2.12193991725774e-07,0.0309480045656306,0.0271106350628404,0.0208638520591344,0.0181234588349407,0.00741166472243095,1.10916816238626e-09,0.895542171451863,"TCGA-EE-A3AG",0,"",42.3313709556162,95.3678718553467,0.483497264885336,7.41328759375111e-07,0.848697740376264,5.01473813381475e-28,0.794032933248854,4.24827075207081,0.816662872115418,0.120566103073386
0.0140053087711181,0.0967757635584972,0.0288614074541541,7.2242406127062e-08,0.050364011568309,0.0366363501830578,7.27121644597344e-05,0.773284374057998,"TCGA-EE-A20B",0,"",118.501017787655,286.43734594838,0.690655901535872,0,0.869453098256102,7.52678734527022e-31,0.800981961748774,16.7220007876413,0.827896378282222,0.292578633949466
8.90203479910653e-08,0.054322160277887,0.0265316161412793,0.0187901173394986,0.0733962960973893,0.00512199517057795,7.09917736815259e-10,0.821837725243102,"TCGA-WE-A8ZM",0,"",54.3043554705613,156.905814929061,0.66360277202734,1.28782236807211e-13,0.929209434301079,7.45534090101053e-43,0.909424695832349,-1.66921492713718,0.903691326592678,0.188318123872789
0.0142470708563652,0.0544582436748434,0.0572594873959973,1.41985914767499e-06,0.0512090969191113,0.113591808115449,6.13141624950751e-07,0.709232260037461,"TCGA-EE-A29P",0,"",224.407334305967,367.460435696475,0.639346202398485,0,0.756390246765053,3.2915245130361e-19,0.547596896143424,41.4593286213702,0.581123192575187,0.449744925317044
1.98340102668784e-06,0.488203566268035,0.00201251125929446,4.5325320389559e-06,0.0311985867807913,0.0288970463979772,0.000124706832367943,0.449557066528468,"TCGA-GF-A3OT",0,"",804.531791278569,1470.83470189049,0.723674521354934,0,0.78415972874442,2.13385444186204e-21,0.719774752742941,129.816877843962,0.742288023901372,0.581280268564447
0.00183648861879703,0.047619932412206,0.0155974575913175,0.00434950525531073,0.0412833648184697,0.00464305289932781,4.24813493953506e-09,0.884670194156436,"TCGA-EB-A5SE",0,"",51.4511364530422,138.45303580833,0.660254050073638,0,0.901905009806262,2.09144747229094e-36,0.886121596779405,7.03796079396425,0.906955072783529,0.125477005171701
0.000849590836303956,0.0881265484956893,0.0542390782422277,0.0292881996932744,0.0344269974303977,0.0210080792685838,2.15524984744511e-08,0.772061484481025,"TCGA-D9-A4Z2",0,"",154.01009571712,280.794226656186,0.648708710288239,0,0.756323000181983,3.32918720846516e-19,0.647676705547968,19.6974948743237,0.678898918594156,0.266485207289758
0.156808000185179,0.0765506089159188,0.127604432419172,0.0175162303737979,0.0457590461010681,0.130270360319148,2.50420964741098e-08,0.44549129664362,"TCGA-ER-A19P",0,"",298.230184784643,453.107957132129,0.700149905322954,0,0.716864724914803,1.48606289662473e-16,0.484974342401712,55.9240565945269,0.526921519218106,0.665281947483163
0.0355436574923951,0.118782951446243,0.0178666993524243,5.58202143378453e-07,0.0166538447087643,0.143470916069659,0.000685439170422594,0.666995933557948,"TCGA-GN-A26C",0,"",264.256887827106,476.020942555114,0.710025247212287,0,0.780842018251223,4.04788939425999e-21,0.603857830364926,57.058961882289,0.641192368509374,0.511609817130811
0.00211462169654843,0.0249038493378819,0.0356893160583971,0.0122141992262051,0.0200964942737335,0.011941358417227,1.24134199120721e-08,0.893040148576587,"TCGA-D3-A1QA",0,"",52.299138898598,91.3415388667674,0.503142751946139,2.26663662711226e-07,0.770899279565465,2.58462176087168e-20,0.617737431530592,9.37604385997903,0.662873492371453,0.13286308681281
0.0302586201988146,0.0129940687526255,0.0323078979787443,3.48081384381067e-06,0.0339472417951122,0.118063460908662,0.00227573518842182,0.770149494363776,"TCGA-D3-A1QB",0,"",236.411896651541,363.688486583587,0.589614454029034,0,0.741721176295325,3.62083883383729e-18,0.518462242723828,36.1205389917298,0.542544422444958,0.40798823994805
0.00192596145918251,0.0227770915929906,0.0457323050268661,0.0280701732692795,0.0228605683608166,0.00630100617634153,9.08397945028197e-05,0.87224205432002,"TCGA-EB-A550",0,"",74.6876893927732,98.8181426329524,0.46224752787713,2.4774375460628e-06,0.553565250780651,4.08141198463295e-09,0.346594602634247,9.26131279294722,0.395505903426179,0.140811029757562
0.015278389625828,0.0068925641860258,0.0234827163493343,3.08332734893869e-08,0.0142897810858544,0.0488687665336123,0.000303318472304435,0.890884432913767,"TCGA-D3-A3C3",0,"",109.417245630744,172.169657222569,0.609378287397433,0,0.748565063160826,1.20743070119134e-18,0.536366000016448,16.3797860996742,0.562084101671024,0.207663127248118
0.00459366505348319,0.278696921833933,3.830109105424e-06,7.90238213730926e-09,0.097434688666497,0.0189953787109241,3.16964072681826e-05,0.600243811316407,"TCGA-EE-A29C",0,"",273.588041220092,771.131430448002,0.790527035556491,0,0.915219354269379,2.8120333717227e-39,0.905528957373376,40.904955155109,0.923739427272196,0.427489014088927
0.00224633390018553,0.0855435942013519,0.0177578010880909,0.00611806549390916,0.028001110037403,0.00647811585117421,4.41065521302116e-09,0.85385497501723,"TCGA-D9-A6EG",0,"",72.5927687190558,239.74864727111,0.622313712314206,1.01447715880648e-11,0.931535265797226,1.61105689105447e-43,0.92634520682143,10.6969265381497,0.942617709457425,0.159786060186315
0.000299244629986244,0.0738495477047688,0.0191158478209542,0.0111338350518219,0.0159679523047537,0.00446026839071553,3.28344061769409e-08,0.875173271262593,"TCGA-EB-A44O",0,"",69.6350517883165,209.856668681352,0.56346732946342,1.87037672263223e-09,0.919893566607794,2.1244859394969e-40,0.908536972413388,9.80452061885787,0.925035150854829,0.134355251124969
0.00574231750078291,0.00759346603438414,0.0414029067958668,0.0214564762024242,0.0344796447837561,0.00928266877894157,5.49278416938102e-11,0.880042519848916,"TCGA-RP-A690",0,"",44.2711691204801,57.5171656218415,0.537006723910818,1.42370035097704e-08,0.566895283886395,1.41904782159783e-09,0.368763760722178,8.46865811739348,0.451698427788425,0.139684665117906
0.0305307147375127,0.0449478884765317,0.0246640341650691,0.00420640888782361,0.0277974097194658,0.0138475772318212,1.05160935490361e-06,0.854004915172421,"TCGA-EE-A29H",0,"",61.1189311694865,139.657618627372,0.606143488323164,0,0.843487496890281,2.20316897707354e-27,0.775813384894493,11.2541597737053,0.81308862626035,0.174932875321447
0.00145801465887807,0.0395064052319779,0.0264618907925502,0.0127873975478064,0.0373093634185662,0.0179750537607832,0.00101859614297962,0.863483278446458,"TCGA-EB-A3XE",0,"",148.873690097904,188.426948494628,0.624079528718704,0,0.492031790552743,3.08023589177782e-07,0.258871608482961,21.1603540611,0.300979376791972,0.174059115853338
0.000638761627471858,0.0516661733617771,0.031299934413462,3.595637606861e-06,0.0452395608478853,0.0808188637419242,5.10173820206616e-09,0.790333105268134,"TCGA-EE-A2MI",0,"",129.380108346295,267.592071411035,0.752892909741216,0,0.827148811086484,1.64439922369274e-25,0.715493921802573,24.4569255219841,0.750233381453502,0.344466914325655
0.00105599594691127,0.199582875442459,0.0329299198985319,0.0120330144014599,0.0661689182873563,0.016158022748494,0.000145191230252098,0.671926062044535,"TCGA-FR-A69P",0,"",158.432002200208,544.364952844167,0.800227488654547,8.12344301684645e-23,0.933085544059967,5.62956553031083e-44,0.939017132986967,17.8213861149406,0.951843058308026,0.354330627103362
4.16205639817217e-05,0.244978091219675,0.0103878397174265,1.0539293478552e-06,0.052128869744787,0.0302672235137195,2.67287415635549e-06,0.662192628436906,"TCGA-ER-A19J",0,"",201.627128431355,652.668726535419,0.779704923206396,0,0.91898546066264,3.55183085751843e-40,0.903514505083214,37.7141894954557,0.923443476035552,0.385166129167803
0.0189733247272565,0.166836871804175,0.0501656345481829,3.60607050358377e-07,0.0457533052384823,0.0321786676100109,0.000373324800800604,0.685718510664042,"TCGA-YD-A9TA",0,"",167.719932517632,458.809479201142,0.660319798022302,0,0.889577902155789,4.30592454982959e-34,0.824221068071172,32.755008605842,0.849756972229416,0.365976168624737
0.00284010405046257,0.0204246136352315,0.00921550911625411,1.10361378391857e-06,0.0268434157332123,0.005653595269069,4.55853588716578e-08,0.935021612996628,"TCGA-EB-A3Y7",0,"",64.0957549416643,86.1557069948195,0.574749228712173,7.44710741723715e-10,0.576262503341512,6.56423994918422e-10,0.414776827949284,8.75747059452049,0.461380960002925,0.0781713951178698
0.00158164321852928,0.00639249422729461,0.0207187782471833,0.0029162415677799,0.020594299886732,0.0108025519622662,0.000213202799177812,0.936780788091037,"TCGA-D9-A6EA",0,"",31.933770295672,48.7040639856515,0.426108682082914,1.35142426457188e-05,0.67339877286946,4.12326625015735e-14,0.482084772614995,5.93064319968321,0.533122069291213,0.0880955267336726
0.149388718862459,0.0145395885272246,0.0268886052944552,8.75086203799502e-07,0.0213945700070843,0.0116731911811907,0.000337931604364823,0.775776519437018,"TCGA-D3-A8GO",0,"",179.58112412903,200.1927835615,0.608904902167052,0,0.495419442802461,2.48069133056136e-07,0.273458057545339,18.4222809294622,0.335377484826537,0.246865198537294
0.0086919624158849,0.0139931670945236,0.0283414657336506,0.00899206393359786,0.0157920117347401,0.00823551156247826,1.03070038091685e-07,0.915953714455087,"TCGA-EB-A430",0,"",151.823768330821,158.444215708375,0.564064801178203,2.82248526145465e-09,0.281049295905097,0.00529410138276269,0.104549585760377,12.5617647240119,0.145730269262229,0.102515699921382
1.62941398342459e-08,0.26985151164079,0.00216097087615624,9.30335348091724e-06,0.0726457383511865,0.0129423999316998,0.000485847800384314,0.641904211752162,"TCGA-EE-A29W",0,"",206.337594760494,736.398208925087,0.79459008136777,2.64291105432548e-22,0.937430837142746,2.56886870043292e-45,0.91167963314678,34.8968443844916,0.926896707326048,0.378609283449028
0.000430447142627115,0.0443406266152144,0.0359249666813687,3.40060551537466e-07,0.03944245728465,0.0283821142551506,4.85986611119184e-09,0.851479043100572,"TCGA-DA-A95X",0,"",71.5988562937081,155.648336856633,0.665575247134511,1.02743305725451e-13,0.826273919377912,2.04514498764361e-25,0.72260188918441,14.0183206602575,0.76230893747883,0.20564806907777
0.0203965687294844,0.0891035104297731,0.0376835637095852,0.000346064118525669,0.0319022994859409,0.0392615106952815,2.90564679789149e-07,0.781306192266729,"TCGA-EE-A3J5",0,"",116.633769287977,271.324959017944,0.632087628865979,0,0.849499353058349,3.97381821172763e-28,0.755688778414672,22.8252499810273,0.79053707161551,0.289529719709736
0.00142723876648332,0.00558504590567919,0.0219260521828676,0.00817889145317308,0.00898568892450553,0.00708655704485172,1.68280967828958e-10,0.946810525554159,"TCGA-EB-A41B",0,"",23.8660549500683,35.5570889710972,0.576977698295813,6.5520342760711e-10,0.698896414559149,1.71745588708596e-15,0.513385964797324,3.49185794571122,0.563745355081136,0.0696639430764636
0.000302791881429435,0.0299008838094493,0.0315420301111652,0.00540232894015135,0.034568723830887,0.00693403501113129,0.000717419825209222,0.890631786590577,"TCGA-EB-A5UN",0,"",58.3343155302897,101.397799859481,0.608755112022861,3.71341386252439e-11,0.809610550983476,1.04632371479808e-23,0.675073036421706,7.64722347393574,0.709234442975952,0.124517353834056
1.15756882256029e-05,0.0613198937789039,0.0158965940345858,1.19598230899388e-08,0.0221244527511885,0.0106108281507337,3.60924263459424e-08,0.890036607544113,"TCGA-DA-A3F5",0,"",58.4451343974844,174.655521733624,0.686864502898274,8.01270805096144e-15,0.909861160242546,4.5492275360058e-38,0.889397960163071,10.8006529973102,0.912602337866201,0.13324131637563
0.00186404984882175,0.359272084067394,0.0287336358967066,3.63282889233638e-06,0.111353299626057,0.0264826328982636,2.69404874568387e-08,0.472290637893377,"TCGA-D3-A8GE",0,"",554.224884270135,1068.5132444538,0.708946980854197,0,0.774133919946151,1.42873432232595e-20,0.615381100854294,74.0359947657082,0.636170159651515,0.557435052413948
0.0111617956639933,0.0148769293129177,0.0270277624397122,0.0173054470680307,0.0363927621929494,0.0248422632705033,4.44519550294672e-09,0.868393035606698,"TCGA-FR-A8YC",0,"",71.2686374288974,108.295603920091,0.531291195337381,2.15780416389504e-08,0.70900041639414,4.43716028504881e-16,0.504971634056624,13.7343272469661,0.553119517579458,0.182946964299477
0.000775600508177698,0.0809023279391735,0.0328224090040476,0.0104514760843934,0.0743332512632082,0.0163247513560741,7.97408572638054e-09,0.78439017587084,"TCGA-BF-A3DN",0,"",111.321302628696,243.407422108982,0.669073049502121,6.854170916707e-14,0.843303491597011,2.31909806262552e-27,0.749964690363152,13.6384334589948,0.774660043727747,0.246572389690818
0.00181184269520962,0.0773792800084245,0.0162612286587115,6.25510423679061e-07,0.0230771598690828,0.0160772442951248,2.2816122920467e-08,0.8653925961469,"TCGA-EB-A4P0",0,"",115.589443219283,236.627556396504,0.700816600320957,1.33373319884246e-15,0.827653052974556,1.44935823419011e-25,0.77818752050531,17.4222517833463,0.807055760927905,0.168525736069077
0.0193851066919498,0.083457808798286,0.0277408506552395,0.00202495676890795,0.0222259515043819,0.00690904160770722,2.18539658601526e-09,0.838256281788131,"TCGA-EB-A24D",0,"",100.561430249998,244.655268845818,0.549666000420787,9.48152960544542e-09,0.880428152498861,1.51538195402508e-32,0.862731731669717,13.6329364166721,0.883985346891908,0.17602444883882
0.0577414459045931,0.144365192861986,0.0307505546395312,1.16623837582894e-06,0.16256536926217,0.172203582751714,0.00181926543025515,0.430553422911375,"TCGA-D3-A1Q7",0,"",385.557225386423,596.4463792903,0.697256995581738,0,0.722229769202358,6.8967130284821e-17,0.487349098602539,79.7531630632509,0.526782152932949,0.70079449707684
0.00409985659081768,0.0617850110793715,0.00771736022969345,1.34953613353291e-08,0.0547185830395751,0.01903875637346,7.45046915089828e-05,0.852565914500212,"TCGA-D3-A2JK",0,"",119.369066025657,207.168156864402,0.726850024977958,3.50936961286967e-17,0.75011673115496,9.36680668111862e-19,0.663824081135204,18.9506840748764,0.703937129818556,0.186840569610411
0.18047609180327,0.0434804905920688,0.030028362343036,1.78410437819028e-07,0.0436816837716675,0.0667815691569306,0.0010721141411918,0.634479509781398,"TCGA-ER-A199",0,"",184.019039717642,282.690172735429,0.603737113402062,0,0.718128847314099,1.24215478438125e-16,0.483750648002296,39.8335676042354,0.533072445315363,0.458031259561372
0.121821103303165,0.0496811879818385,0.107270369848316,0.0464475226598882,0.0849394033407621,0.114331691380515,0.000561233029949347,0.474947488455565,"TCGA-D3-A2J9",0,"",248.243771358993,384.604785291331,0.622554176309699,0,0.727137402843179,3.36342422699659e-17,0.497527928342228,48.1581469208064,0.53904397501429,0.631860669797619
0.00458328397206713,0.0564441015591515,0.0357383354451309,0.0103918460630307,0.0333701502745834,0.0132845920265041,1.87313843712702e-09,0.846187688786394,"TCGA-EE-A2GB",0,"",70.8521915721917,168.843165123049,0.665895224069009,0,0.877380665988998,4.65269765560335e-32,0.813202181009702,9.95713309881562,0.839130555135865,0.181103824729657
0.00103644280908541,0.118218849002894,0.0258201601911402,1.91882099614491e-06,0.0304448096157507,0.0334683952492227,0.000451217042006631,0.790558207268905,"TCGA-FR-A728",0,"",135.380122471904,337.582440893714,0.694272038712392,0,0.877161036884426,5.03864427749535e-32,0.832888414212631,26.4682776542734,0.862661463020951,0.271408426495805
0.186390259354145,0.0165687704564586,0.0806256114905183,1.30234388651364e-07,0.0344568312256823,0.155228586761437,0.0003040913431952,0.526425719134175,"TCGA-GF-A4EO",0,"",283.091437071394,446.093862507007,0.606261834630759,0,0.745754410899318,1.90358713618956e-18,0.546171122335422,41.2844793015451,0.575210640272478,0.622765269438282
0.00371707192548191,0.0153458935346314,0.0247138254651199,0.00453856524874083,0.0104891469471279,0.0312281571057869,0.00102916842624528,0.908938171346866,"TCGA-W3-A824",0,"",87.4287694586203,129.826221088388,0.67482379549758,0,0.709744750046446,4.00697362101133e-16,0.473363539433089,16.2891803740729,0.507132957756173,0.157896469836798
0.0499455762356029,0.0147645751914139,0.0267613639694507,7.86500183656386e-08,0.0186745313818976,0.0329983956978517,0.00107686876957175,0.855778610104193,"TCGA-EB-A85J",0,"",69.7036995654519,123.833888853635,0.496725752156533,3.36409203382617e-07,0.777865449967232,7.12225949618691e-21,0.625134531841594,13.6390893648998,0.669131107356367,0.210607823874955
0.00243356511495825,0.0116675746557078,0.0229779641735628,0.0310059298438002,0.00807204690704009,0.0278490571735231,2.66389569315264e-10,0.895993861865018,"TCGA-WE-A8K4",0,"",83.9461256811644,119.236176682934,0.660201451714706,0,0.692499168887159,3.93173486894183e-15,0.440829330435266,14.5921794236967,0.474307731933789,0.162895732174438
0.000680645346621919,0.11175848730358,0.0336687796162641,0.00482613064620192,0.0309003761726801,0.0121595402267451,3.88071483539866e-07,0.806005652616423,"TCGA-EB-A42Z",0,"",105.329794232732,313.703851708657,0.680951504313065,0,0.911554251631317,1.92427437508037e-38,0.897159673343305,14.5719793131044,0.91483669214762,0.217876860770458
0.000822834551487215,0.0856213927098024,0.0449610068261606,0.00662341849207601,0.0614349217288535,0.0113814880450282,2.80508868926733e-10,0.789154937366083,"TCGA-FR-A2OS",0,"",133.66778909509,264.553110760111,0.604343981251889,5.58996734956213e-11,0.847101311713652,7.9385770553955e-28,0.803309252214158,17.1885102916951,0.830329614989422,0.232634924425831
0.0139419452792122,0.210444683089024,3.12125302863336e-06,1.96583672716314e-06,0.0537566979746853,0.0366499997048573,0.00181958617360397,0.683382000688861,"TCGA-WE-A8ZN",0,"",241.90275211798,582.786293216261,0.71487744582369,0,0.881232489156763,1.12130010688245e-32,0.856500592834792,38.8440823989213,0.881434679100552,0.375140294203981
0.000850334013471533,0.0581381094855882,0.0228793933663537,1.1650349678499e-06,0.0180248215796584,0.0180389696516888,1.18222708083241e-08,0.882067195046001,"TCGA-EB-A42Y",0,"",167.343452041092,231.049291267546,0.68815747948664,0,0.530708457045969,2.25028440440812e-08,0.264325257918142,26.9959254973248,0.291338904013831,0.156489799165108
0.0710775940757765,0.0125444909904096,0.0561243668902854,0.0335906099816408,0.00107312841684916,0.18317726276297,8.36984556485322e-08,0.642412463183614,"TCGA-ER-A19S",0,"",381.528856486972,538.030819075354,0.652800378712957,4.30825145375868e-13,0.697625377043353,2.0281590217201e-15,0.445278825484092,54.7398268684311,0.466749899277806,0.561830150825902
0.00183216885644297,0.00757419285121074,0.022775154726097,0.0068213644654572,0.0160584555587448,0.00663593375096218,2.26496471547324e-09,0.93830272752612,"TCGA-FS-A1ZG",0,"",34.5094751790227,45.0901168855163,0.402316988213147,4.40752657264304e-05,0.638440443581525,1.99310175833822e-12,0.440719886773012,5.25828561863016,0.503282023272485,0.0769889495819063
0.00180411385052725,0.0463734226252137,0.028844740639279,0.00553582711752448,0.0366044918848315,0.00527731928055874,7.29306579638954e-09,0.875560077308999,"TCGA-BF-A1PV",0,"",95.2472144009269,157.348805244947,0.61660552032367,1.76513514301046e-11,0.777585461001025,7.50767273752259e-21,0.702853595023688,10.8852190305143,0.732938940627052,0.135715838168759
0.0549474851432092,0.0365855643946406,0.0556061827316979,1.96388357137741e-06,0.0410257164308893,0.0716543530458052,0.00168107828552141,0.738497656084665,"TCGA-FR-A729",0,"",170.672613871019,265.885035777705,0.577096044603408,6.43836267314122e-10,0.730803971972521,1.94691064497709e-17,0.506816828137698,33.1021566098276,0.546179794667134,0.375406819460791
0.0030505737662389,0.0450413527880195,0.0609912778366724,0.00995467843584451,0.0289496455163335,0.00347825479752869,7.52826837314214e-10,0.848534216106536,"TCGA-D9-A1X3",0,"",75.1983698861294,143.287538008051,0.500228503724529,1.81702979919519e-07,0.807192515773497,1.79345266333996e-23,0.718114036121296,7.5925825547641,0.741575527435779,0.158222665215321
0.00150507902951965,0.00390151937025812,0.0180779235713293,0.0031329723126902,0.0108153698538294,0.00797688234423903,7.79447778361844e-10,0.954590252738686,"TCGA-YG-AA3P",0,"",20.7681322804799,33.4743050359263,0.565255697183538,1.62005982763391e-09,0.724306439064568,5.09912423061706e-17,0.559975923202357,3.5038913667924,0.605866622955055,0.0642047849676817
0.000816576533124067,0.0522773313618393,0.0300629780224422,0.00605139861713088,0.0232606439232212,0.0114716506772008,6.8876504765041e-07,0.876058732099994,"TCGA-ER-A19K",1,"",61.7133981763751,154.631118324652,0.6929530422575,3.70997978330777e-15,0.884805593605969,2.86422522012171e-33,0.841577597245928,9.42674638486792,0.867125484531546,0.148474732309626
